SET foreign_key_checks = 0;
DELETE from `users`;
DELETE from `user_roles`;
DELETE from `posts`;
DELETE from `tags`;
DELETE from `post_tags`;
DELETE from `comments`;
/* USERS INSERTS */
insert into users (id, user_name, password, email, last_name, first_name, created_date, modified_date) values (1,'jpublic','secretpw1','jpublic@wisc.edu','Public', 'John', '2011-07-10 22:19:57', '2020-04-30 16:44:46');
insert into users (id, user_name, password, email, last_name, first_name, created_date, modified_date) values (2,'kmalone','secretpw2','kmalone@jazz.com','Malone', 'Karl', '2018-02-02 18:37:42', '2020-04-15 19:25:45');
insert into users (id, user_name, password, email, last_name, first_name, created_date, modified_date) values (3,'dduany','secretpw3','dduany@wisc.edu','Duany', 'Duany', '2018-07-22 05:06:04', '2020-04-29 09:53:16');
insert into users (id, user_name, password, email, last_name, first_name, created_date, modified_date) values (4,'hcoulson','secretpw4','hcoulson@hotmail.com','Coulson', 'Hannah', '2010-04-29 05:40:22', '2020-04-16 23:32:44');
insert into users (id, user_name, password, email, last_name, first_name, created_date, modified_date) values (5,'szawistowski','secretpw5','sz01@wisc.edu','Zawistowski', 'Samantha', '2019-01-10 06:22:12', '2020-04-19 21:22:16');
insert into users (id, user_name, password, email, last_name, first_name, created_date, modified_date) values (6,'bcurry','secretpw6','bcurry@hotmail.com','Curry', 'Barney', '2018-10-29 08:51:04', '2020-04-20 10:43:06');
insert into users (id, user_name, password, email, last_name, first_name, created_date, modified_date) values (7,'hc98','secretpw7','hannahbanannah@hotmail.com','Coulson', 'Hannah', '2011-09-21 04:37:27', '2020-05-02 13:09:03');
insert into users (id, user_name, password, email, last_name, first_name, created_date, modified_date) values (8, 'geborall7', 'xRl13lEK6Z', 'geborall7@deliciousdays.com', 'Eborall', 'Garrett', '2015-10-12 23:09:11', '2020-05-08 15:03:39');
insert into users (id, user_name, password, email, last_name, first_name, created_date, modified_date) values (9, 'mchelam8', 'u8018eI2IB6', 'mchelam8@ifeng.com', 'Chelam', 'Mufinella', '2019-05-30 17:17:26', '2020-04-20 02:51:11');
insert into users (id, user_name, password, email, last_name, first_name, created_date, modified_date) values (10, 'kblake9', 'ZU9fCZXoC', 'kblake9@ucoz.ru', 'Blake', 'Kin', '2010-07-17 18:16:22', '2020-04-08 02:11:00');
insert into users (id, user_name, password, email, last_name, first_name, created_date, modified_date) values (11, 'cjozwiaka', 's4bapO8eu', 'bmacquista@printfriendly.com', null, null, '2017-01-16 00:25:45', '2020-04-28 03:14:07');
insert into users (id, user_name, password, email, last_name, first_name, created_date, modified_date) values (12, 'njeacopb', 'rthd3P6', 'njeacopb@wisc.edu', 'Jeacop', 'Nathan', '2018-12-30 19:04:56', '2020-05-07 20:03:36');
insert into users (id, user_name, password, email, last_name, first_name, created_date, modified_date) values (13, 'fnaveinc', 'fRFuYwhC3', 'fnaveinc@addtoany.com', 'Navein', 'Ferdinanda', '2012-08-13 16:41:12', '2020-04-15 08:21:07');
insert into users (id, user_name, password, email, last_name, first_name, created_date, modified_date) values (14, 'sabellsd', 'e0kG2an', 'sabellsd@addthis.com', 'Abells', 'Sheilakathryn', '2010-06-07 20:33:00', '2020-04-10 03:46:43');
/* USER_ROLES INSERTS */
insert into user_roles (id, user_name, role_name) values (1,'bcurry', 'admin');
insert into user_roles (id, user_name, role_name) values (2,'szawistowski', 'admin');
insert into user_roles (id, user_name, role_name) values (3,'hcoulson', 'user');
insert into user_roles (id, user_name, role_name) values (4,'dduany', 'user');
insert into user_roles (id, user_name, role_name) values (5,'kmalone', 'user');
insert into user_roles (id, user_name, role_name) values (6,'jpublic', 'user');
insert into user_roles (id, user_name, role_name) values (7, 'kmalone', 'admin');
insert into user_roles (id, user_name, role_name) values (8, 'geborall7', 'user');
insert into user_roles (id, user_name, role_name) values (9, 'mchelam8', 'user');
insert into user_roles (id, user_name, role_name) values (10, 'kblake9', 'user');
insert into user_roles (id, user_name, role_name) values (11, 'cjozwiaka', 'user');
insert into user_roles (id, user_name, role_name) values (12, 'njeacopb', 'user');
insert into user_roles (id, user_name, role_name) values (13, 'fnaveinc', 'user');
insert into user_roles (id, user_name, role_name) values (14, 'sabellsd', 'user');
/* POSTS INSERTS */
insert into posts (id, title, video_url, description_body, created_date, modified_date, user_id) values (1, 'My cat paws endlessly at the mirror', 's9LjibhkPfw', 'My cat paws incessantly at the mirror. What does this mean?', '2019-09-15 18:03:10', '2020-04-23 23:51:51', 1);
insert into posts (id, title, video_url, description_body, created_date, modified_date, user_id) values (2, 'Flops down on the floor at my feet and rolls around', '6Q8NKMOm4Ao', 'Lately, my cat will do this thing where she flops down on the floor right at my feet and rolls around. What\'s with this goofy behavior?', '2020-04-15 18:25:52', '2020-04-22 08:11:23', 2);
insert into posts (id, title, video_url, description_body, created_date, modified_date, user_id) values (3, 'Meows at all the doors', 'FWMya59zm8Y', 'My cats have taken to meowing at any and all closed doors in the house. They', '2020-01-10 22:34:08', '2020-04-16 23:46:04', 4);
insert into posts (id, title, video_url, description_body, created_date, modified_date, user_id) values (4, 'Meowing endlessly at the door', 'gvDVG9-UueU', 'Our kitten starts howling at the bathroom door each night at exactly 8:15PM. What the heck?', '2019-12-28 00:05:38', '2020-04-18 11:10:57', 2);
insert into posts (id, title, video_url, description_body, created_date, modified_date, user_id) values (5, 'Cat poses in the mirror', 'akE2Sgg8hI8', 'Vivamus vestibulum sagittis sapien.', '2019-05-06 23:59:13', '2020-04-20 02:55:35', 2);
insert into posts (id, title, video_url, description_body, created_date, modified_date, user_id) values (6, 'Horizontal client-server Graphic Interface', '/in/hac/habitasse/platea/dictumst/morbi/vestibulum.js', 'Aenean fermentum. Donec ut mauris eget massa tempor convallis. Nulla neque libero, convallis eget, eleifend luctus, ultricies eu, nibh. Quisque id justo sit amet sapien dignissim vestibulum. Vestibulum ante ipsum primis in faucibus orci luctus et ultrices posuere cubilia Curae; Nulla dapibus dolor vel est.', '2019-09-17 18:57:54', '2020-04-22 19:16:37', 13);
insert into posts (id, title, video_url, description_body, created_date, modified_date, user_id) values (7, 'Triple-buffered real-time emulation', '/morbi/non/lectus/aliquam/sit.xml', 'Cras non velit nec nisi vulputate nonummy.', '2020-02-11 03:04:13', '2020-04-21 02:09:13', 11);
insert into posts (id, title, video_url, description_body, created_date, modified_date, user_id) values (8, 'Mandatory heuristic product', '/turpis/adipiscing.json', 'Cras mi pede, malesuada in, imperdiet et, commodo vulputate, justo.', '2019-05-29 00:29:16', '2020-04-21 10:13:43', 1);
insert into posts (id, title, video_url, description_body, created_date, modified_date, user_id) values (9, 'Down-sized composite toolset', '/velit/nec/nisi/vulputate/nonummy.jpg', 'Suspendisse ornare consequat lectus. In est risus, auctor sed, tristique in, tempus sit amet, sem. Fusce consequat.', '2019-05-12 08:24:16', '2020-04-17 04:41:21', 13);
insert into posts (id, title, video_url, description_body, created_date, modified_date, user_id) values (10, 'Virtual discrete Graphical User Interface', '/natoque/penatibus/et/magnis/dis.aspx', 'Morbi ut odio. Cras mi pede, malesuada in, imperdiet et, commodo vulputate, justo. In blandit ultrices enim. Lorem ipsum dolor sit amet, consectetuer adipiscing elit.', '2019-07-12 11:30:53', '2020-04-16 05:56:35', 1);
insert into posts (id, title, video_url, description_body, created_date, modified_date, user_id) values (11, 'Horizontal tangible alliance', '/in/hac/habitasse/platea/dictumst/maecenas/ut.js', 'Morbi non lectus. Aliquam sit amet diam in magna bibendum imperdiet.', '2019-12-19 16:51:12', '2020-04-18 17:59:50', 12);
insert into posts (id, title, video_url, description_body, created_date, modified_date, user_id) values (12, 'Object-based optimal middleware', '/rhoncus/dui/vel/sem/sed/sagittis.json', 'Praesent lectus. Vestibulum quam sapien, varius ut, blandit non, interdum in, ante.', '2019-07-11 12:59:32', '2020-04-22 12:46:42', 9);
insert into posts (id, title, video_url, description_body, created_date, modified_date, user_id) values (13, 'Re-engineered bandwidth-monitored framework', '/vitae/quam/suspendisse/potenti/nullam/porttitor.js', 'In tempor, turpis nec euismod scelerisque, quam turpis adipiscing lorem, vitae mattis nibh ligula nec sem. Duis aliquam convallis nunc.', '2019-08-16 05:55:45', '2020-04-19 08:45:32', 9);
insert into posts (id, title, video_url, description_body, created_date, modified_date, user_id) values (14, 'Assimilated modular pricing structure', '/vivamus/in.png', 'Cras pellentesque volutpat dui. Maecenas tristique, est et tempus semper, est quam pharetra magna, ac consequat metus sapien ut nunc. Vestibulum ante ipsum primis in faucibus orci luctus et ultrices posuere cubilia Curae; Mauris viverra diam vitae quam.', '2020-04-03 06:20:09', '2020-04-20 07:12:22', 10);
insert into posts (id, title, video_url, description_body, created_date, modified_date, user_id) values (15, 'Cloned demand-driven hardware', '/ut/at/dolor/quis/odio.jsp', 'Pellentesque ultrices mattis odio. Donec vitae nisi.', '2019-08-07 16:53:27', '2020-04-16 13:36:06', 13);
insert into posts (id, title, video_url, description_body, created_date, modified_date, user_id) values (16, 'Re-contextualized static knowledge base', '/sit/amet/erat/nulla/tempus/vivamus/in.js', 'Integer non velit. Donec diam neque, vestibulum eget, vulputate ut, ultrices vel, augue. Vestibulum ante ipsum primis in faucibus orci luctus et ultrices posuere cubilia Curae; Donec pharetra, magna vestibulum aliquet ultrices, erat tortor sollicitudin mi, sit amet lobortis sapien sapien non mi. Integer ac neque.', '2019-04-18 14:31:18', '2020-04-22 01:40:53', 12);
insert into posts (id, title, video_url, description_body, created_date, modified_date, user_id) values (17, 'Programmable local installation', '/massa/tempor/convallis/nulla.xml', 'Aliquam augue quam, sollicitudin vitae, consectetuer eget, rutrum at, lorem.', '2019-06-18 10:40:55', '2020-04-22 15:18:46', 8);
insert into posts (id, title, video_url, description_body, created_date, modified_date, user_id) values (18, 'Reverse-engineered upward-trending support', '/duis/aliquam/convallis/nunc/proin/at.js', 'Aliquam quis turpis eget elit sodales scelerisque. Mauris sit amet eros. Suspendisse accumsan tortor quis turpis. Sed ante.', '2019-09-13 12:16:10', '2020-04-23 11:29:33', 7);
insert into posts (id, title, video_url, description_body, created_date, modified_date, user_id) values (19, 'Managed responsive workforce', '/porta/volutpat/erat/quisque/erat/eros/viverra.xml', 'Morbi ut odio. Cras mi pede, malesuada in, imperdiet et, commodo vulputate, justo. In blandit ultrices enim. Lorem ipsum dolor sit amet, consectetuer adipiscing elit.', '2020-02-26 14:03:42', '2020-04-22 02:23:06', 12);
insert into posts (id, title, video_url, description_body, created_date, modified_date, user_id) values (20, 'Monitored leading edge parallelism', '/magna/bibendum/imperdiet/nullam/orci/pede/venenatis.xml', 'Nunc nisl.', '2020-01-16 10:00:44', '2020-04-19 10:49:39', 14);
insert into posts (id, title, video_url, description_body, created_date, modified_date, user_id) values (21, 'Optional bandwidth-monitored capability', '/justo/in/hac.html', 'Nulla facilisi. Cras non velit nec nisi vulputate nonummy. Maecenas tincidunt lacus at velit. Vivamus vel nulla eget eros elementum pellentesque. Quisque porta volutpat erat.', '2019-08-13 11:12:54', '2020-04-21 22:13:17', 3);
insert into posts (id, title, video_url, description_body, created_date, modified_date, user_id) values (22, 'Multi-layered encompassing Graphic Interface', '/nisi/volutpat/eleifend/donec.html', 'Vestibulum ac est lacinia nisi venenatis tristique. Fusce congue, diam id ornare imperdiet, sapien urna pretium nisl, ut volutpat sapien arcu sed augue. Aliquam erat volutpat.', '2019-05-18 08:09:54', '2020-04-23 20:10:55', 3);
/* COMMENTS INSERTS */
insert into comments (id, content_body, post_id, user_id, created_date, modified_date) values (1, 'Donec posuere metus vitae ipsum. Aliquam non mauris. Morbi non lectus. Aliquam sit amet diam in magna bibendum imperdiet.', 4, 12, '2020-04-25 17:32:58', '2020-05-09 20:57:47');
insert into comments (id, content_body, post_id, user_id, created_date, modified_date) values (2, 'In blandit ultrices enim. Lorem ipsum dolor sit amet, consectetuer adipiscing elit.', 3, 11, '2020-04-30 09:44:45', '2020-05-10 11:17:53');
insert into comments (id, content_body, post_id, user_id, created_date, modified_date) values (3, 'In est risus, auctor sed, tristique in, tempus sit amet, sem.', 19, 3, '2020-04-27 22:14:04', '2020-05-10 03:44:16');
insert into comments (id, content_body, post_id, user_id, created_date, modified_date) values (4, 'Vestibulum rutrum rutrum neque. Aenean auctor gravida sem. Praesent id massa id nisl venenatis lacinia. Aenean sit amet justo. Morbi ut odio.', 19, 3, '2020-05-08 00:55:27', '2020-05-10 11:23:18');
insert into comments (id, content_body, post_id, user_id, created_date, modified_date) values (5, 'Maecenas leo odio, condimentum id, luctus nec, molestie sed, justo. Pellentesque viverra pede ac diam. Cras pellentesque volutpat dui. Maecenas tristique, est et tempus semper, est quam pharetra magna, ac consequat metus sapien ut nunc.', 4, 3, '2020-05-08 18:50:05', '2020-05-09 04:49:46');
insert into comments (id, content_body, post_id, user_id, created_date, modified_date) values (6, 'Donec semper sapien a libero. Nam dui. Proin leo odio, porttitor id, consequat in, consequat ut, nulla. Sed accumsan felis. Ut at dolor quis odio consequat varius. Integer ac leo.', 3, 4, '2020-05-04 04:51:01', '2020-05-10 06:42:02');
insert into comments (id, content_body, post_id, user_id, created_date, modified_date) values (7, 'Curabitur gravida nisi at nibh. In hac habitasse platea dictumst. Aliquam augue quam, sollicitudin vitae, consectetuer eget, rutrum at, lorem. Integer tincidunt ante vel ipsum. Praesent blandit lacinia erat. Vestibulum sed magna at nunc commodo placerat.', 3, 5, '2020-05-02 16:26:50', '2020-05-10 05:53:50');
insert into comments (id, content_body, post_id, user_id, created_date, modified_date) values (8, 'Cum sociis natoque penatibus et magnis dis parturient montes, nascetur ridiculus mus. Etiam vel augue. Vestibulum rutrum rutrum neque. Aenean auctor gravida sem. Praesent id massa id nisl venenatis lacinia. Aenean sit amet justo.', 3, 6, '2020-04-29 03:49:18', '2020-05-09 13:22:08');
insert into comments (id, content_body, post_id, user_id, created_date, modified_date) values (9, 'Donec posuere metus vitae ipsum.', 3, 9, '2020-04-29 05:19:12', '2020-05-10 15:01:17');
insert into comments (id, content_body, post_id, user_id, created_date, modified_date) values (10, 'Donec semper sapien a libero. Nam dui. Proin leo odio, porttitor id, consequat in, consequat ut, nulla. Sed accumsan felis. Ut at dolor quis odio consequat varius.', 14, 10, '2020-05-05 14:52:50', '2020-05-10 00:45:39');
insert into comments (id, content_body, post_id, user_id, created_date, modified_date) values (11, 'Fusce consequat.', 16, 4, '2020-05-03 04:35:48', '2020-05-10 05:30:40');
insert into comments (id, content_body, post_id, user_id, created_date, modified_date) values (12, 'Aliquam non mauris. Morbi non lectus. Aliquam sit amet diam in magna bibendum imperdiet. Nullam orci pede, venenatis non, sodales sed, tincidunt eu, felis. Fusce posuere felis sed lacus.', 22, 1, '2020-04-30 10:19:57', '2020-05-09 12:07:25');
insert into comments (id, content_body, post_id, user_id, created_date, modified_date) values (13, 'Vestibulum ante ipsum primis in faucibus orci luctus et ultrices posuere cubilia Curae; Nulla dapibus dolor vel est. Donec odio justo, sollicitudin ut, suscipit a, feugiat et, eros. Vestibulum ac est lacinia nisi venenatis tristique.', 22, 2, '2020-04-25 14:56:24', '2020-05-09 20:57:48');
insert into comments (id, content_body, post_id, user_id, created_date, modified_date) values (14, 'Nulla mollis molestie lorem. Quisque ut erat.', 19, 5, '2020-04-29 12:18:11', '2020-05-09 10:08:17');
insert into comments (id, content_body, post_id, user_id, created_date, modified_date) values (15, 'Nulla tempus.', 16, 4, '2020-05-02 20:34:07', '2020-05-09 16:03:34');
insert into comments (id, content_body, post_id, user_id, created_date, modified_date) values (16, 'Fusce lacus purus, aliquet at, feugiat non, pretium quis, lectus. Suspendisse potenti. In eleifend quam a odio.', 15, 2, '2020-05-05 17:02:30', '2020-05-10 19:57:14');
insert into comments (id, content_body, post_id, user_id, created_date, modified_date) values (17, 'In quis justo. Maecenas rhoncus aliquam lacus. Morbi quis tortor id nulla ultrices aliquet.', 4, 4, '2020-05-02 15:45:54', '2020-05-10 10:44:11');
insert into comments (id, content_body, post_id, user_id, created_date, modified_date) values (18, 'Morbi vel lectus in quam fringilla rhoncus. Mauris enim leo, rhoncus sed, vestibulum sit amet, cursus id, turpis. Integer aliquet, massa id lobortis convallis, tortor risus dapibus augue, vel accumsan tellus nisi eu orci. Mauris lacinia sapien quis libero. Nullam sit amet turpis elementum ligula vehicula consequat.', 3, 2, '2020-05-02 02:16:11', '2020-05-09 21:58:14');
insert into comments (id, content_body, post_id, user_id, created_date, modified_date) values (19, 'Nullam varius. Nulla facilisi. Cras non velit nec nisi vulputate nonummy. Maecenas tincidunt lacus at velit. Vivamus vel nulla eget eros elementum pellentesque. Quisque porta volutpat erat.', 1, 6, '2020-05-04 04:29:51', '2020-05-10 08:47:31');
insert into comments (id, content_body, post_id, user_id, created_date, modified_date) values (20, 'Pellentesque viverra pede ac diam. Cras pellentesque volutpat dui. Maecenas tristique, est et tempus semper, est quam pharetra magna, ac consequat metus sapien ut nunc.', 2, 14, '2020-05-01 23:12:38', '2020-05-09 10:31:09');
/* TAGS INSERTS */
insert into tags (id, tag_name) values (1, 'didactic');
insert into tags (id, tag_name) values (2, 'value-added');
insert into tags (id, tag_name) values (3, 'methodical');
insert into tags (id, tag_name) values (4, 'Advanced');
insert into tags (id, tag_name) values (5, 'challenge');
insert into tags (id, tag_name) values (6, 'alliance');
insert into tags (id, tag_name) values (7, 'discrete');
insert into tags (id, tag_name) values (8, 'orchestration');
insert into tags (id, tag_name) values (9, 'Reactive');
insert into tags (id, tag_name) values (10, 'actuating');
insert into tags (id, tag_name) values (11, 'Devolved');
insert into tags (id, tag_name) values (12, 'Open-architected');
insert into tags (id, tag_name) values (13, 'Adaptive');
insert into tags (id, tag_name) values (14, 'radical');
insert into tags (id, tag_name) values (15, 'Balanced');
insert into tags (id, tag_name) values (16, 'model');
insert into tags (id, tag_name) values (17, 'artificial int');
insert into tags (id, tag_name) values (18, 'initiative');
insert into tags (id, tag_name) values (19, 'Enterprise-wide');
insert into tags (id, tag_name) values (20, 'structure');
insert into tags (id, tag_name) values (21, 'Automated');
insert into tags (id, tag_name) values (22, 'Profit-focused');
insert into tags (id, tag_name) values (23, 'neutral');
insert into tags (id, tag_name) values (24, 'moderator');
/* POST_TAGS INSERTS */
insert into post_tags (tag_id, post_id) values (1, 1);
insert into post_tags (tag_id, post_id) values (2, 1);
insert into post_tags (tag_id, post_id) values (3, 1);
insert into post_tags (tag_id, post_id) values (1, 2);
insert into post_tags (tag_id, post_id) values (3, 2);
insert into post_tags (tag_id, post_id) values (3, 3);
insert into post_tags (tag_id, post_id) values (4, 3);
insert into post_tags (tag_id, post_id) values (5, 3);
insert into post_tags (tag_id, post_id) values (6, 3);
insert into post_tags (tag_id, post_id) values (7, 4);
insert into post_tags (tag_id, post_id) values (1, 5);
insert into post_tags (tag_id, post_id) values (2, 6);
insert into post_tags (tag_id, post_id) values (5, 8);
insert into post_tags (tag_id, post_id) values (8, 8);
insert into post_tags (tag_id, post_id) values (9, 9);
insert into post_tags (tag_id, post_id) values (10, 10);
insert into post_tags (tag_id, post_id) values (5, 11);
insert into post_tags (tag_id, post_id) values (6, 12);
insert into post_tags (tag_id, post_id) values (11, 12);
insert into post_tags (tag_id, post_id) values (12, 12);
insert into post_tags (tag_id, post_id) values (13, 12);
insert into post_tags (tag_id, post_id) values (14, 12);
insert into post_tags (tag_id, post_id) values (15, 12);
insert into post_tags (tag_id, post_id) values (16, 13);
insert into post_tags (tag_id, post_id) values (17, 14);
insert into post_tags (tag_id, post_id) values (18, 15);
insert into post_tags (tag_id, post_id) values (19, 15);
insert into post_tags (tag_id, post_id) values (20, 16);
insert into post_tags (tag_id, post_id) values (21, 17);
insert into post_tags (tag_id, post_id) values (22, 19);
insert into post_tags (tag_id, post_id) values (23, 20);
insert into post_tags (tag_id, post_id) values (24, 21);
insert into post_tags (tag_id, post_id) values (12, 21);
insert into post_tags (tag_id, post_id) values (13, 21);
insert into post_tags (tag_id, post_id) values (4, 22);
insert into post_tags (tag_id, post_id) values (5, 22);
insert into post_tags (tag_id, post_id) values (15, 22);
insert into post_tags (tag_id, post_id) values (5, 22);
SET foreign_key_checks = 1;