SET foreign_key_checks = 0;
DELETE from `users`;
DELETE from `user_roles`;
DELETE from `posts`;
DELETE from `tags`;
DELETE from `post_tags`;
/* USERS INSERTS */
insert into users (id, user_name, password, email, last_name, first_name, created_date, modified_date) values (1,'jpublic','secretpw1','jpublic@wisc.edu','Public', 'John', '2011-07-10 22:19:57', '2020-04-30 16:44:46');
insert into users (id, user_name, password, email, last_name, first_name, created_date, modified_date) values (2,'kmalone','secretpw2','kmalone@jazz.com','Malone', 'Karl', '2018-02-02 18:37:42', '2020-04-15 19:25:45');
insert into users (id, user_name, password, email, last_name, first_name, created_date, modified_date) values (3,'dduany','secretpw3','dduany@wisc.edu','Duany', 'Duany', '2018-07-22 05:06:04', '2020-04-29 09:53:16');
insert into users (id, user_name, password, email, last_name, first_name, created_date, modified_date) values (4,'hcoulson','secretpw4','hcoulson@hotmail.com','Coulson', 'Hannah', '2010-04-29 05:40:22', '2020-04-16 23:32:44');
insert into users (id, user_name, password, email, last_name, first_name, created_date, modified_date) values (5,'szawistowski','secretpw5','sz01@wisc.edu','Zawistowski', 'Samantha', '2019-01-10 06:22:12', '2020-04-19 21:22:16');
insert into users (id, user_name, password, email, last_name, first_name, created_date, modified_date) values (6,'bcurry','secretpw6','bcurry@hotmail.com','Curry', 'Barney', '2018-10-29 08:51:04', '2020-04-20 10:43:06');
insert into users (id, user_name, password, email, last_name, first_name, created_date, modified_date) values (7,'hc98','secretpw7','hannahbanannah@hotmail.com','Coulson', 'Hannah', '2011-09-21 04:37:27', '2020-05-02 13:09:03');
insert into users (id, user_name, password, email, last_name, first_name, created_date, modified_date) values (8, 'geborall7', 'xRl13lEK6Z', 'geborall7@deliciousdays.com', 'Eborall', 'Garrett', '2015-10-12 23:09:11', '2020-05-08 15:03:39');
insert into users (id, user_name, password, email, last_name, first_name, created_date, modified_date) values (9, 'mchelam8', 'u8018eI2IB6', 'mchelam8@ifeng.com', 'Chelam', 'Mufinella', '2019-05-30 17:17:26', '2020-04-20 02:51:11');
insert into users (id, user_name, password, email, last_name, first_name, created_date, modified_date) values (10, 'kblake9', 'ZU9fCZXoC', 'kblake9@ucoz.ru', 'Blake', 'Kin', '2010-07-17 18:16:22', '2020-04-08 02:11:00');
insert into users (id, user_name, password, email, last_name, first_name, created_date, modified_date) values (11, 'cjozwiaka', 's4bapO8eu', 'bmacquista@printfriendly.com', null, null, '2017-01-16 00:25:45', '2020-04-28 03:14:07');
insert into users (id, user_name, password, email, last_name, first_name, created_date, modified_date) values (12, 'njeacopb', 'rthd3P6', 'njeacopb@wisc.edu', 'Jeacop', 'Nathan', '2018-12-30 19:04:56', '2020-05-07 20:03:36');
insert into users (id, user_name, password, email, last_name, first_name, created_date, modified_date) values (13, 'fnaveinc', 'fRFuYwhC3', 'fnaveinc@addtoany.com', 'Navein', 'Ferdinanda', '2012-08-13 16:41:12', '2020-04-15 08:21:07');
insert into users (id, user_name, password, email, last_name, first_name, created_date, modified_date) values (14, 'sabellsd', 'e0kG2an', 'sabellsd@addthis.com', 'Abells', 'Sheilakathryn', '2010-06-07 20:33:00', '2020-04-10 03:46:43');
insert into users (id, user_name, password, email, last_name, first_name, created_date, modified_date) values (15, 'mdultone', 'sZ7Q3IK', 'mdultone@princeton.edu', 'Dulton', 'Menard', '2014-02-19 13:12:51', '2020-04-25 00:59:54');
insert into users (id, user_name, password, email, last_name, first_name, created_date, modified_date) values (16, 'mrixf', 'H1yyOhsl99m', 'mrixf@github.io', 'Rix', 'Mozes', '2012-11-26 14:00:54', '2020-04-05 16:35:25');
insert into users (id, user_name, password, email, last_name, first_name, created_date, modified_date) values (17, 'btharmeg', 'YtezyxLdWneu', 'nmcphilemyg@nydailynews.com', null, null, '2012-08-24 22:28:02', '2020-04-07 15:22:19');
insert into users (id, user_name, password, email, last_name, first_name, created_date, modified_date) values (18, 'bcrickmoreh', 'GXFD8lSmbG', 'bcrickmoreh@wunderground.com', 'Crickmore', 'Brooke', '2017-02-01 09:51:18', '2020-04-24 02:13:24');
insert into users (id, user_name, password, email, last_name, first_name, created_date, modified_date) values (19, 'pishchenkoi', 'BpUBt1zIkUa3', 'gtedridgei@dagondesign.com', null, null, '2013-03-24 01:17:03', '2020-04-04 18:39:59');
insert into users (id, user_name, password, email, last_name, first_name, created_date, modified_date) values (20, 'flavissj', 'CviZmApipKH', 'flavissj@patch.com', 'Laviss', 'Fair', '2017-10-26 09:59:44', '2020-05-04 12:02:58');
insert into users (id, user_name, password, email, last_name, first_name, created_date, modified_date) values (21, 'lgiottinik', 'mqpYK0X96Y3', 'lgiottinik@oracle.com', 'Giottini', 'Laurent', '2014-08-07 20:37:00', '2020-04-12 13:34:07');
insert into users (id, user_name, password, email, last_name, first_name, created_date, modified_date) values (22, 'akerreyl', 'Nz5IbUROiRb0', 'lboijl@ning.com', null, null, '2017-11-26 08:02:04', '2020-04-25 02:10:41');
insert into users (id, user_name, password, email, last_name, first_name, created_date, modified_date) values (23, 'ztesyrom', 'yPsWNyR6f', 'ztesyrom@mit.edu', 'Tesyro', 'Zenia', '2012-07-03 22:11:05', '2020-04-08 14:24:36');
insert into users (id, user_name, password, email, last_name, first_name, created_date, modified_date) values (24, 'bmaidlown', 'NbHZv0nNK', 'bmaidlown@bloomberg.com', 'Maidlow', 'Billye', '2018-09-19 23:47:10', '2020-05-06 23:04:11');
insert into users (id, user_name, password, email, last_name, first_name, created_date, modified_date) values (25, 'kjusticeo', 'HrmF3qOfnH', 'kjusticeo@nba.com', 'Justice', 'Kamila', '2010-07-22 01:02:19', '2020-05-05 05:53:39');
insert into users (id, user_name, password, email, last_name, first_name, created_date, modified_date) values (26, 'tmattecotp', '7ftRwG', 'lriddp@netscape.com', null, null, '2012-07-21 20:39:33', '2020-04-23 17:01:32');
insert into users (id, user_name, password, email, last_name, first_name, created_date, modified_date) values (27, 'tlenouryq', 'FtOsmqiQ', 'tlenouryq@cam.ac.uk', 'Le Noury', 'Tawnya', '2013-01-28 08:23:50', '2020-04-21 00:05:29');
insert into users (id, user_name, password, email, last_name, first_name, created_date, modified_date) values (28, 'cstubber', '5F807Yj', 'cstubber@wisc.edu', 'Stubbe', 'Cindie', '2011-07-16 17:02:19', '2020-04-12 15:21:41');
insert into users (id, user_name, password, email, last_name, first_name, created_date, modified_date) values (29, 'tdeeners', 'evJIsOgjj', 'cstrasses@zimbio.com', null, null, '2011-12-01 22:09:45', '2020-04-02 10:51:11');
insert into users (id, user_name, password, email, last_name, first_name, created_date, modified_date) values (30, 'lnindt', 'vaxvvMJQG', 'lnindt@wix.com', 'Nind', 'Lenore', '2020-02-22 04:21:30', '2020-04-30 19:00:06');
insert into users (id, user_name, password, email, last_name, first_name, created_date, modified_date) values (31, 'hmaggoriniu', 'Ljrb8lR', 'hmaggoriniu@multiply.com', 'Maggorini', 'Hilario', '2010-03-23 14:24:19', '2020-04-05 09:57:54');
insert into users (id, user_name, password, email, last_name, first_name, created_date, modified_date) values (32, 'krollinv', '0UUu9w1', 'krollinv@comsenz.com', 'Rollin', 'Kimberley', '2018-10-04 13:26:02', '2020-04-14 14:07:24');
insert into users (id, user_name, password, email, last_name, first_name, created_date, modified_date) values (33, 'khardacrew', 'HzlO9ql', 'khardacrew@senate.gov', 'Hardacre', 'Kyla', '2010-03-22 14:03:22', '2020-04-05 12:05:29');
insert into users (id, user_name, password, email, last_name, first_name, created_date, modified_date) values (34, 'leariex', 'LvM2fuL7SWcM', 'leariex@godaddy.com', 'Earie', 'Lesly', '2013-06-10 20:51:39', '2020-04-28 16:32:22');
insert into users (id, user_name, password, email, last_name, first_name, created_date, modified_date) values (35, 'wbehnekey', 'aT9mlPiy5tJ', 'wbehnekey@dedecms.com', 'Behneke', 'Whitney', '2016-09-12 01:47:13', '2020-04-17 08:08:28');
insert into users (id, user_name, password, email, last_name, first_name, created_date, modified_date) values (36, 'lmapisz', '6rmWrqKveM', 'lmapisz@buzzfeed.com', 'Mapis', 'Lynde', '2014-03-29 08:15:10', '2020-04-19 07:48:20');
insert into users (id, user_name, password, email, last_name, first_name, created_date, modified_date) values (37, 'kmabbitt10', 'gmBPvTM', 'kmabbitt10@va.gov', 'Mabbitt', 'Konrad', '2011-05-28 05:45:22', '2020-04-28 14:19:54');
insert into users (id, user_name, password, email, last_name, first_name, created_date, modified_date) values (38, 'asieve11', 'pxsDSm', 'asieve11@economist.com', 'Sieve', 'Aldus', '2016-02-25 20:13:37', '2020-05-06 19:40:31');
insert into users (id, user_name, password, email, last_name, first_name, created_date, modified_date) values (39, 'cyakebovitch12', 'BXPFCjC76', 'cyakebovitch12@godaddy.com', 'Yakebovitch', 'Carny', '2017-05-31 16:42:22', '2020-05-03 19:16:54');
insert into users (id, user_name, password, email, last_name, first_name, created_date, modified_date) values (40, 'kdudney13', 'gyilMqwX', 'kdudney13@springer.com', 'Dudney', 'Karita', '2017-12-06 16:45:09', '2020-04-22 16:07:20');
insert into users (id, user_name, password, email, last_name, first_name, created_date, modified_date) values (41, 'btackley14', 'bgVDltKjaFu', 'clutz14@alibaba.com', null, null, '2018-06-06 15:33:19', '2020-04-10 05:07:22');
insert into users (id, user_name, password, email, last_name, first_name, created_date, modified_date) values (42, 'adillet15', 'ORKcvpIXFnU', 'adillet15@prnewswire.com', 'Dillet', 'Anjanette', '2017-03-04 07:26:36', '2020-04-10 23:09:21');
insert into users (id, user_name, password, email, last_name, first_name, created_date, modified_date) values (43, 'eohannigan16', 'x7Nvow5FjANk', 'mmaxfield16@wunderground.com', null, null, '2010-09-21 20:53:31', '2020-04-23 05:20:13');
insert into users (id, user_name, password, email, last_name, first_name, created_date, modified_date) values (44, 'adrummond17', 'yyy89R324FPZ', 'adrummond17@europa.eu', 'Drummond', 'Allyn', '2010-12-18 02:53:35', '2020-04-24 05:59:13');
insert into users (id, user_name, password, email, last_name, first_name, created_date, modified_date) values (45, 'bperone18', 'Lc6TVd', 'cstienham18@slate.com', null, null, '2013-08-24 07:39:58', '2020-04-08 20:06:26');
insert into users (id, user_name, password, email, last_name, first_name, created_date, modified_date) values (46, 'rstolli19', 'MCFPIgUd', 'rstolli19@sphinn.com', 'Stolli', 'Ric', '2012-11-06 19:27:17', '2020-04-30 14:04:44');
insert into users (id, user_name, password, email, last_name, first_name, created_date, modified_date) values (47, 'cgeal1a', 'iVW4HAf1', 'cgeal1a@histats.com', 'Geal', 'Christean', '2015-06-14 15:39:52', '2020-04-14 15:49:39');
insert into users (id, user_name, password, email, last_name, first_name, created_date, modified_date) values (48, 'stapper1b', 'E5E6PyG', 'skerne1b@imdb.com', null, null, '2010-04-16 08:49:10', '2020-04-07 01:11:50');
/* USER_ROLES INSERTS */
insert into user_roles (id, user_name, role_name) values (1,'bcurry', 'admin');
insert into user_roles (id, user_name, role_name) values (2,'szawistowski', 'admin');
insert into user_roles (id, user_name, role_name) values (3,'hcoulson', 'user');
insert into user_roles (id, user_name, role_name) values (4,'dduany', 'user');
insert into user_roles (id, user_name, role_name) values (5,'kmalone', 'user');
insert into user_roles (id, user_name, role_name) values (6,'jpublic', 'user');
insert into user_roles (id, user_name, role_name) values (7, 'kmalone', 'admin');
insert into user_roles (id, user_name, role_name) values (8, 'cparkhouse8', 'user');
insert into user_roles (id, user_name, role_name) values (9, 'gwinsome3', 'user');
insert into user_roles (id, user_name, role_name) values (10, 'ljosum17', 'user');
insert into user_roles (id, user_name, role_name) values (11, 'chuke9', 'user');
insert into user_roles (id, user_name, role_name) values (12, 'tbedinm', 'user');
insert into user_roles (id, user_name, role_name) values (13, 'tmckiniet', 'user');
insert into user_roles (id, user_name, role_name) values (14, 'catherton18', 'user');
insert into user_roles (id, user_name, role_name) values (15, 'rsanperl', 'user');
insert into user_roles (id, user_name, role_name) values (16, 'mlisimorer', 'user');
insert into user_roles (id, user_name, role_name) values (17, 'imaccallumw', 'user');
insert into user_roles (id, user_name, role_name) values (18, 'nspinelli19', 'user');
insert into user_roles (id, user_name, role_name) values (19, 'rsanperl', 'user');
insert into user_roles (id, user_name, role_name) values (20, 'mwallett11', 'user');
insert into user_roles (id, user_name, role_name) values (21, 'jcymperq', 'user');
insert into user_roles (id, user_name, role_name) values (22, 'rgullyesu', 'user');
insert into user_roles (id, user_name, role_name) values (23, 'mundrilli', 'user');
insert into user_roles (id, user_name, role_name) values (24, 'atomasik4', 'user');
insert into user_roles (id, user_name, role_name) values (25, 'ysockellk', 'user');
insert into user_roles (id, user_name, role_name) values (26, 'cmckeemand', 'user');
insert into user_roles (id, user_name, role_name) values (27, 'jcymperq', 'user');
insert into user_roles (id, user_name, role_name) values (28, 'mmepham2', 'user');
insert into user_roles (id, user_name, role_name) values (29, 'kabotsonb', 'user');
insert into user_roles (id, user_name, role_name) values (30, 'mundrilli', 'user');
insert into user_roles (id, user_name, role_name) values (31, 'rsanperl', 'user');
insert into user_roles (id, user_name, role_name) values (32, 'gwinsome3', 'user');
insert into user_roles (id, user_name, role_name) values (33, 'cparkhouse8', 'user');
insert into user_roles (id, user_name, role_name) values (34, 'kstuddardv', 'user');
insert into user_roles (id, user_name, role_name) values (35, 'ljosum17', 'user');
insert into user_roles (id, user_name, role_name) values (36, 'abeggios', 'user');
insert into user_roles (id, user_name, role_name) values (37, 'mundrilli', 'user');
insert into user_roles (id, user_name, role_name) values (38, 'bhammerstone16', 'user');
insert into user_roles (id, user_name, role_name) values (39, 'kabotsonb', 'user');
insert into user_roles (id, user_name, role_name) values (40, 'mwallett11', 'user');
insert into user_roles (id, user_name, role_name) values (41, 'dharyngtonf', 'user');
insert into user_roles (id, user_name, role_name) values (42, 'abeggios', 'user');
insert into user_roles (id, user_name, role_name) values (43, 'cbengtsson6', 'user');
insert into user_roles (id, user_name, role_name) values (44, 'mmepham2', 'user');
insert into user_roles (id, user_name, role_name) values (45, 'ljosum17', 'user');
insert into user_roles (id, user_name, role_name) values (46, 'chuke9', 'user');
insert into user_roles (id, user_name, role_name) values (47, 'nantrum1a', 'user');
insert into user_roles (id, user_name, role_name) values (48, 'mmepham2', 'user');
/* POSTS INSERTS */
insert into posts (id, title, video_url, description_body, created_date, modified_date, user_id) values (1, 'My cat paws endlessly at the mirror', 's9LjibhkPfw', 'My cat paws incessantly at the mirror. What does this mean?', '2019-09-15 18:03:10', '2020-04-23 23:51:51', 1);
insert into posts (id, title, video_url, description_body, created_date, modified_date, user_id) values (2, 'Flops down on the floor at my feet and rolls around', '6Q8NKMOm4Ao', 'Lately, my cat will do this thing where she flops down on the floor right at my feet and rolls around. What\'s with this goofy behavior?', '2020-04-15 18:25:52', '2020-04-22 08:11:23', 2);
insert into posts (id, title, video_url, description_body, created_date, modified_date, user_id) values (3, 'Meows at all the doors', 'FWMya59zm8Y', 'My cats have taken to meowing at any and all closed doors in the house. They', '2020-01-10 22:34:08', '2020-04-16 23:46:04', 4);
insert into posts (id, title, video_url, description_body, created_date, modified_date, user_id) values (4, 'Meowing endlessly at the door', 'gvDVG9-UueU', 'Our kitten starts howling at the bathroom door each night at exactly 8:15PM. What the heck?', '2019-12-28 00:05:38', '2020-04-18 11:10:57', 2);
insert into posts (id, title, video_url, description_body, created_date, modified_date, user_id) values (5, 'Cat poses in the mirror', 'akE2Sgg8hI8', 'Vivamus vestibulum sagittis sapien.', '2019-05-06 23:59:13', '2020-04-20 02:55:35', 2);
insert into posts (id, title, video_url, description_body, created_date, modified_date, user_id) values (6, 'Horizontal client-server Graphic Interface', '/in/hac/habitasse/platea/dictumst/morbi/vestibulum.js', 'Aenean fermentum. Donec ut mauris eget massa tempor convallis. Nulla neque libero, convallis eget, eleifend luctus, ultricies eu, nibh. Quisque id justo sit amet sapien dignissim vestibulum. Vestibulum ante ipsum primis in faucibus orci luctus et ultrices posuere cubilia Curae; Nulla dapibus dolor vel est.', '2019-09-17 18:57:54', '2020-04-22 19:16:37', 26);
insert into posts (id, title, video_url, description_body, created_date, modified_date, user_id) values (7, 'Triple-buffered real-time emulation', '/morbi/non/lectus/aliquam/sit.xml', 'Cras non velit nec nisi vulputate nonummy.', '2020-02-11 03:04:13', '2020-04-21 02:09:13', 20);
insert into posts (id, title, video_url, description_body, created_date, modified_date, user_id) values (8, 'Mandatory heuristic product', '/turpis/adipiscing.json', 'Cras mi pede, malesuada in, imperdiet et, commodo vulputate, justo.', '2019-05-29 00:29:16', '2020-04-21 10:13:43', 1);
insert into posts (id, title, video_url, description_body, created_date, modified_date, user_id) values (9, 'Down-sized composite toolset', '/velit/nec/nisi/vulputate/nonummy.jpg', 'Suspendisse ornare consequat lectus. In est risus, auctor sed, tristique in, tempus sit amet, sem. Fusce consequat.', '2019-05-12 08:24:16', '2020-04-17 04:41:21', 13);
insert into posts (id, title, video_url, description_body, created_date, modified_date, user_id) values (10, 'Virtual discrete Graphical User Interface', '/natoque/penatibus/et/magnis/dis.aspx', 'Morbi ut odio. Cras mi pede, malesuada in, imperdiet et, commodo vulputate, justo. In blandit ultrices enim. Lorem ipsum dolor sit amet, consectetuer adipiscing elit.', '2019-07-12 11:30:53', '2020-04-16 05:56:35', 1);
insert into posts (id, title, video_url, description_body, created_date, modified_date, user_id) values (11, 'Horizontal tangible alliance', '/in/hac/habitasse/platea/dictumst/maecenas/ut.js', 'Morbi non lectus. Aliquam sit amet diam in magna bibendum imperdiet.', '2019-12-19 16:51:12', '2020-04-18 17:59:50', 12);
insert into posts (id, title, video_url, description_body, created_date, modified_date, user_id) values (12, 'Object-based optimal middleware', '/rhoncus/dui/vel/sem/sed/sagittis.json', 'Praesent lectus. Vestibulum quam sapien, varius ut, blandit non, interdum in, ante.', '2019-07-11 12:59:32', '2020-04-22 12:46:42', 15);
insert into posts (id, title, video_url, description_body, created_date, modified_date, user_id) values (13, 'Re-engineered bandwidth-monitored framework', '/vitae/quam/suspendisse/potenti/nullam/porttitor.js', 'In tempor, turpis nec euismod scelerisque, quam turpis adipiscing lorem, vitae mattis nibh ligula nec sem. Duis aliquam convallis nunc.', '2019-08-16 05:55:45', '2020-04-19 08:45:32', 17);
insert into posts (id, title, video_url, description_body, created_date, modified_date, user_id) values (14, 'Assimilated modular pricing structure', '/vivamus/in.png', 'Cras pellentesque volutpat dui. Maecenas tristique, est et tempus semper, est quam pharetra magna, ac consequat metus sapien ut nunc. Vestibulum ante ipsum primis in faucibus orci luctus et ultrices posuere cubilia Curae; Mauris viverra diam vitae quam.', '2020-04-03 06:20:09', '2020-04-20 07:12:22', 22);
insert into posts (id, title, video_url, description_body, created_date, modified_date, user_id) values (15, 'Cloned demand-driven hardware', '/ut/at/dolor/quis/odio.jsp', 'Pellentesque ultrices mattis odio. Donec vitae nisi.', '2019-08-07 16:53:27', '2020-04-16 13:36:06', 27);
insert into posts (id, title, video_url, description_body, created_date, modified_date, user_id) values (16, 'Re-contextualized static knowledge base', '/sit/amet/erat/nulla/tempus/vivamus/in.js', 'Integer non velit. Donec diam neque, vestibulum eget, vulputate ut, ultrices vel, augue. Vestibulum ante ipsum primis in faucibus orci luctus et ultrices posuere cubilia Curae; Donec pharetra, magna vestibulum aliquet ultrices, erat tortor sollicitudin mi, sit amet lobortis sapien sapien non mi. Integer ac neque.', '2019-04-18 14:31:18', '2020-04-22 01:40:53', 38);
insert into posts (id, title, video_url, description_body, created_date, modified_date, user_id) values (17, 'Programmable local installation', '/massa/tempor/convallis/nulla.xml', 'Aliquam augue quam, sollicitudin vitae, consectetuer eget, rutrum at, lorem.', '2019-06-18 10:40:55', '2020-04-22 15:18:46', 46);
insert into posts (id, title, video_url, description_body, created_date, modified_date, user_id) values (18, 'Reverse-engineered upward-trending support', '/duis/aliquam/convallis/nunc/proin/at.js', 'Aliquam quis turpis eget elit sodales scelerisque. Mauris sit amet eros. Suspendisse accumsan tortor quis turpis. Sed ante.', '2019-09-13 12:16:10', '2020-04-23 11:29:33', 6);
insert into posts (id, title, video_url, description_body, created_date, modified_date, user_id) values (19, 'Managed responsive workforce', '/porta/volutpat/erat/quisque/erat/eros/viverra.xml', 'Morbi ut odio. Cras mi pede, malesuada in, imperdiet et, commodo vulputate, justo. In blandit ultrices enim. Lorem ipsum dolor sit amet, consectetuer adipiscing elit.', '2020-02-26 14:03:42', '2020-04-22 02:23:06', 29);
insert into posts (id, title, video_url, description_body, created_date, modified_date, user_id) values (20, 'Monitored leading edge parallelism', '/magna/bibendum/imperdiet/nullam/orci/pede/venenatis.xml', 'Nunc nisl.', '2020-01-16 10:00:44', '2020-04-19 10:49:39', 47);
insert into posts (id, title, video_url, description_body, created_date, modified_date, user_id) values (21, 'Optional bandwidth-monitored capability', '/justo/in/hac.html', 'Nulla facilisi. Cras non velit nec nisi vulputate nonummy. Maecenas tincidunt lacus at velit. Vivamus vel nulla eget eros elementum pellentesque. Quisque porta volutpat erat.', '2019-08-13 11:12:54', '2020-04-21 22:13:17', 3);
insert into posts (id, title, video_url, description_body, created_date, modified_date, user_id) values (22, 'Multi-layered encompassing Graphic Interface', '/nisi/volutpat/eleifend/donec.html', 'Vestibulum ac est lacinia nisi venenatis tristique. Fusce congue, diam id ornare imperdiet, sapien urna pretium nisl, ut volutpat sapien arcu sed augue. Aliquam erat volutpat.', '2019-05-18 08:09:54', '2020-04-23 20:10:55', 3);
insert into posts (id, title, video_url, description_body, created_date, modified_date, user_id) values (23, 'Synergistic motivating utilisation', '/orci.js', 'Donec dapibus. Duis at velit eu est congue elementum. In hac habitasse platea dictumst.', '2020-02-18 10:32:51', '2020-04-22 21:48:28', 14);
insert into posts (id, title, video_url, description_body, created_date, modified_date, user_id) values (24, 'Assimilated dynamic orchestration', '/pellentesque.html', 'Phasellus in felis. Donec semper sapien a libero. Nam dui. Proin leo odio, porttitor id, consequat in, consequat ut, nulla.', '2020-02-05 10:51:27', '2020-04-20 19:49:49', 37);
insert into posts (id, title, video_url, description_body, created_date, modified_date, user_id) values (25, 'Operative 24/7 open architecture', '/sit/amet/eleifend/pede/libero.jsp', 'In hac habitasse platea dictumst. Aliquam augue quam, sollicitudin vitae, consectetuer eget, rutrum at, lorem. Integer tincidunt ante vel ipsum. Praesent blandit lacinia erat. Vestibulum sed magna at nunc commodo placerat.', '2019-10-15 05:00:58', '2020-04-20 02:52:28', 41);
insert into posts (id, title, video_url, description_body, created_date, modified_date, user_id) values (26, 'Down-sized radical policy', '/vestibulum/velit/id.jsp', 'In congue. Etiam justo. Etiam pretium iaculis justo. In hac habitasse platea dictumst. Etiam faucibus cursus urna.', '2019-09-04 23:33:40', '2020-04-17 23:04:33', 38);
insert into posts (id, title, video_url, description_body, created_date, modified_date, user_id) values (27, 'Ergonomic radical application', '/parturient/montes/nascetur/ridiculus/mus/etiam/vel.aspx', 'Proin interdum mauris non ligula pellentesque ultrices. Phasellus id sapien in sapien iaculis congue.', '2019-05-16 18:17:23', '2020-04-20 14:39:43', 28);
insert into posts (id, title, video_url, description_body, created_date, modified_date, user_id) values (28, 'Digitized dedicated benchmark', '/proin/eu/mi/nulla/ac/enim.jpg', 'Phasellus in felis. Donec semper sapien a libero. Nam dui. Proin leo odio, porttitor id, consequat in, consequat ut, nulla.', '2019-11-30 08:46:53', '2020-04-16 11:06:12', 25);
insert into posts (id, title, video_url, description_body, created_date, modified_date, user_id) values (29, 'Open-architected 6th generation definition', '/mauris.aspx', 'Donec diam neque, vestibulum eget, vulputate ut, ultrices vel, augue. Vestibulum ante ipsum primis in faucibus orci luctus et ultrices posuere cubilia Curae; Donec pharetra, magna vestibulum aliquet ultrices, erat tortor sollicitudin mi, sit amet lobortis sapien sapien non mi. Integer ac neque. Duis bibendum.', '2019-04-21 20:15:10', '2020-04-20 06:22:19', 17);
insert into posts (id, title, video_url, description_body, created_date, modified_date, user_id) values (30, 'Profound encompassing strategy', '/aliquet.json', 'Cras mi pede, malesuada in, imperdiet et, commodo vulputate, justo.', '2020-03-07 11:58:59', '2020-04-20 14:05:21', 28);
insert into posts (id, title, video_url, description_body, created_date, modified_date, user_id) values (31, 'Sharable eco-centric strategy', '/platea/dictumst/maecenas/ut/massa.jsp', 'Vestibulum sed magna at nunc commodo placerat. Praesent blandit. Nam nulla. Integer pede justo, lacinia eget, tincidunt eget, tempus vel, pede.', '2019-04-23 12:35:06', '2020-04-20 19:21:06', 33);
insert into posts (id, title, video_url, description_body, created_date, modified_date, user_id) values (32, 'Up-sized heuristic function', '/ligula.js', 'Vestibulum ante ipsum primis in faucibus orci luctus et ultrices posuere cubilia Curae; Duis faucibus accumsan odio. Curabitur convallis. Duis consequat dui nec nisi volutpat eleifend.', '2019-10-14 15:16:21', '2020-04-21 06:23:00', 10);
insert into posts (id, title, video_url, description_body, created_date, modified_date, user_id) values (33, 'Customer-focused transitional frame', '/vitae/nisi/nam/ultrices/libero.html', 'Morbi vel lectus in quam fringilla rhoncus. Mauris enim leo, rhoncus sed, vestibulum sit amet, cursus id, turpis. Integer aliquet, massa id lobortis convallis, tortor risus dapibus augue, vel accumsan tellus nisi eu orci. Mauris lacinia sapien quis libero. Nullam sit amet turpis elementum ligula vehicula consequat.', '2020-02-08 13:13:11', '2020-04-18 23:01:28', 35);
insert into posts (id, title, video_url, description_body, created_date, modified_date, user_id) values (34, 'Future-proofed demand-driven emulation', '/eleifend/pede/libero/quis.html', 'Praesent id massa id nisl venenatis lacinia. Aenean sit amet justo.', '2019-12-07 01:45:11', '2020-04-18 01:50:32', 5);
insert into posts (id, title, video_url, description_body, created_date, modified_date, user_id) values (35, 'Open-source disintermediate forecast', '/etiam.xml', 'Sed ante. Vivamus tortor. Duis mattis egestas metus. Aenean fermentum.', '2019-06-11 06:39:40', '2020-04-17 05:21:17', 41);
insert into posts (id, title, video_url, description_body, created_date, modified_date, user_id) values (36, 'Assimilated real-time website', '/non/lectus.aspx', 'Sed sagittis. Nam congue, risus semper porta volutpat, quam pede lobortis ligula, sit amet eleifend pede libero quis orci. Nullam molestie nibh in lectus. Pellentesque at nulla. Suspendisse potenti.', '2019-11-23 04:58:43', '2020-04-23 20:02:07', 47);
insert into posts (id, title, video_url, description_body, created_date, modified_date, user_id) values (37, 'De-engineered global infrastructure', '/morbi/non/lectus/aliquam/sit.xml', 'Vestibulum ac est lacinia nisi venenatis tristique.', '2019-05-15 05:54:45', '2020-04-17 21:22:24', 5);
insert into posts (id, title, video_url, description_body, created_date, modified_date, user_id) values (38, 'Focused 5th generation contingency', '/rhoncus/sed/vestibulum/sit/amet/cursus/id.png', 'Nunc rhoncus dui vel sem. Sed sagittis. Nam congue, risus semper porta volutpat, quam pede lobortis ligula, sit amet eleifend pede libero quis orci. Nullam molestie nibh in lectus. Pellentesque at nulla.', '2019-12-11 23:38:24', '2020-04-21 08:03:21', 30);
insert into posts (id, title, video_url, description_body, created_date, modified_date, user_id) values (39, 'Pre-emptive real-time service-desk', '/fusce/lacus/purus/aliquet.aspx', 'Quisque ut erat. Curabitur gravida nisi at nibh. In hac habitasse platea dictumst. Aliquam augue quam, sollicitudin vitae, consectetuer eget, rutrum at, lorem. Integer tincidunt ante vel ipsum.', '2019-10-17 00:56:11', '2020-04-18 13:39:30', 12);
/* COMMENTS INSERTS */
insert into comments (id, content_body, post_id, user_id, created_date, modified_date) values (1, 'Donec posuere metus vitae ipsum. Aliquam non mauris. Morbi non lectus. Aliquam sit amet diam in magna bibendum imperdiet.', 192, 22, '2020-04-25 17:32:58', '2020-05-09 20:57:47');
insert into comments (id, content_body, post_id, user_id, created_date, modified_date) values (2, 'In blandit ultrices enim. Lorem ipsum dolor sit amet, consectetuer adipiscing elit.', 48, 23, '2020-04-30 09:44:45', '2020-05-10 11:17:53');
insert into comments (id, content_body, post_id, user_id, created_date, modified_date) values (3, 'In est risus, auctor sed, tristique in, tempus sit amet, sem.', 173, 12, '2020-04-27 22:14:04', '2020-05-10 03:44:16');
insert into comments (id, content_body, post_id, user_id, created_date, modified_date) values (4, 'Vestibulum rutrum rutrum neque. Aenean auctor gravida sem. Praesent id massa id nisl venenatis lacinia. Aenean sit amet justo. Morbi ut odio.', 114, 48, '2020-05-08 00:55:27', '2020-05-10 11:23:18');
insert into comments (id, content_body, post_id, user_id, created_date, modified_date) values (5, 'Maecenas leo odio, condimentum id, luctus nec, molestie sed, justo. Pellentesque viverra pede ac diam. Cras pellentesque volutpat dui. Maecenas tristique, est et tempus semper, est quam pharetra magna, ac consequat metus sapien ut nunc.', 29, 27, '2020-05-08 18:50:05', '2020-05-09 04:49:46');
insert into comments (id, content_body, post_id, user_id, created_date, modified_date) values (6, 'Donec semper sapien a libero. Nam dui. Proin leo odio, porttitor id, consequat in, consequat ut, nulla. Sed accumsan felis. Ut at dolor quis odio consequat varius. Integer ac leo.', 70, 33, '2020-05-04 04:51:01', '2020-05-10 06:42:02');
insert into comments (id, content_body, post_id, user_id, created_date, modified_date) values (7, 'Curabitur gravida nisi at nibh. In hac habitasse platea dictumst. Aliquam augue quam, sollicitudin vitae, consectetuer eget, rutrum at, lorem. Integer tincidunt ante vel ipsum. Praesent blandit lacinia erat. Vestibulum sed magna at nunc commodo placerat.', 37, 47, '2020-05-02 16:26:50', '2020-05-10 05:53:50');
insert into comments (id, content_body, post_id, user_id, created_date, modified_date) values (8, 'Cum sociis natoque penatibus et magnis dis parturient montes, nascetur ridiculus mus. Etiam vel augue. Vestibulum rutrum rutrum neque. Aenean auctor gravida sem. Praesent id massa id nisl venenatis lacinia. Aenean sit amet justo.', 184, 34, '2020-04-29 03:49:18', '2020-05-09 13:22:08');
insert into comments (id, content_body, post_id, user_id, created_date, modified_date) values (9, 'Donec posuere metus vitae ipsum.', 184, 24, '2020-04-29 05:19:12', '2020-05-10 15:01:17');
insert into comments (id, content_body, post_id, user_id, created_date, modified_date) values (10, 'Donec semper sapien a libero. Nam dui. Proin leo odio, porttitor id, consequat in, consequat ut, nulla. Sed accumsan felis. Ut at dolor quis odio consequat varius.', 168, 2, '2020-05-05 14:52:50', '2020-05-10 00:45:39');
insert into comments (id, content_body, post_id, user_id, created_date, modified_date) values (11, 'Fusce consequat.', 141, 34, '2020-05-03 04:35:48', '2020-05-10 05:30:40');
insert into comments (id, content_body, post_id, user_id, created_date, modified_date) values (12, 'Aliquam non mauris. Morbi non lectus. Aliquam sit amet diam in magna bibendum imperdiet. Nullam orci pede, venenatis non, sodales sed, tincidunt eu, felis. Fusce posuere felis sed lacus.', 102, 25, '2020-04-30 10:19:57', '2020-05-09 12:07:25');
insert into comments (id, content_body, post_id, user_id, created_date, modified_date) values (13, 'Vestibulum ante ipsum primis in faucibus orci luctus et ultrices posuere cubilia Curae; Nulla dapibus dolor vel est. Donec odio justo, sollicitudin ut, suscipit a, feugiat et, eros. Vestibulum ac est lacinia nisi venenatis tristique.', 49, 34, '2020-04-25 14:56:24', '2020-05-09 20:57:48');
insert into comments (id, content_body, post_id, user_id, created_date, modified_date) values (14, 'Nulla mollis molestie lorem. Quisque ut erat.', 140, 20, '2020-04-29 12:18:11', '2020-05-09 10:08:17');
insert into comments (id, content_body, post_id, user_id, created_date, modified_date) values (15, 'Nulla tempus.', 14, 7, '2020-05-02 20:34:07', '2020-05-09 16:03:34');
insert into comments (id, content_body, post_id, user_id, created_date, modified_date) values (16, 'Fusce lacus purus, aliquet at, feugiat non, pretium quis, lectus. Suspendisse potenti. In eleifend quam a odio.', 53, 41, '2020-05-05 17:02:30', '2020-05-10 19:57:14');
insert into comments (id, content_body, post_id, user_id, created_date, modified_date) values (17, 'In quis justo. Maecenas rhoncus aliquam lacus. Morbi quis tortor id nulla ultrices aliquet.', 60, 48, '2020-05-02 15:45:54', '2020-05-10 10:44:11');
insert into comments (id, content_body, post_id, user_id, created_date, modified_date) values (18, 'Morbi vel lectus in quam fringilla rhoncus. Mauris enim leo, rhoncus sed, vestibulum sit amet, cursus id, turpis. Integer aliquet, massa id lobortis convallis, tortor risus dapibus augue, vel accumsan tellus nisi eu orci. Mauris lacinia sapien quis libero. Nullam sit amet turpis elementum ligula vehicula consequat.', 74, 31, '2020-05-02 02:16:11', '2020-05-09 21:58:14');
insert into comments (id, content_body, post_id, user_id, created_date, modified_date) values (19, 'Nullam varius. Nulla facilisi. Cras non velit nec nisi vulputate nonummy. Maecenas tincidunt lacus at velit. Vivamus vel nulla eget eros elementum pellentesque. Quisque porta volutpat erat.', 4, 45, '2020-05-04 04:29:51', '2020-05-10 08:47:31');
insert into comments (id, content_body, post_id, user_id, created_date, modified_date) values (20, 'Pellentesque viverra pede ac diam. Cras pellentesque volutpat dui. Maecenas tristique, est et tempus semper, est quam pharetra magna, ac consequat metus sapien ut nunc.', 123, 14, '2020-05-01 23:12:38', '2020-05-09 10:31:09');
insert into comments (id, content_body, post_id, user_id, created_date, modified_date) values (21, 'Nulla ut erat id mauris vulputate elementum. Nullam varius. Nulla facilisi. Cras non velit nec nisi vulputate nonummy.', 163, 14, '2020-04-30 16:14:43', '2020-05-10 18:52:56');
insert into comments (id, content_body, post_id, user_id, created_date, modified_date) values (22, 'Nulla facilisi. Cras non velit nec nisi vulputate nonummy. Maecenas tincidunt lacus at velit. Vivamus vel nulla eget eros elementum pellentesque. Quisque porta volutpat erat. Quisque erat eros, viverra eget, congue eget, semper rutrum, nulla.', 180, 46, '2020-05-06 04:27:17', '2020-05-09 09:51:34');
insert into comments (id, content_body, post_id, user_id, created_date, modified_date) values (23, 'Duis ac nibh. Fusce lacus purus, aliquet at, feugiat non, pretium quis, lectus. Suspendisse potenti. In eleifend quam a odio.', 165, 6, '2020-05-06 03:37:11', '2020-05-10 17:12:56');
insert into comments (id, content_body, post_id, user_id, created_date, modified_date) values (24, 'Praesent id massa id nisl venenatis lacinia. Aenean sit amet justo. Morbi ut odio. Cras mi pede, malesuada in, imperdiet et, commodo vulputate, justo. In blandit ultrices enim. Lorem ipsum dolor sit amet, consectetuer adipiscing elit.', 146, 7, '2020-05-06 19:05:34', '2020-05-09 16:15:03');
insert into comments (id, content_body, post_id, user_id, created_date, modified_date) values (25, 'Duis bibendum. Morbi non quam nec dui luctus rutrum. Nulla tellus. In sagittis dui vel nisl. Duis ac nibh.', 126, 2, '2020-05-08 15:43:27', '2020-05-10 22:41:51');
insert into comments (id, content_body, post_id, user_id, created_date, modified_date) values (26, 'Vestibulum ac est lacinia nisi venenatis tristique.', 150, 45, '2020-04-29 12:42:02', '2020-05-09 20:46:51');
insert into comments (id, content_body, post_id, user_id, created_date, modified_date) values (27, 'Quisque ut erat. Curabitur gravida nisi at nibh. In hac habitasse platea dictumst.', 96, 9, '2020-04-29 16:25:10', '2020-05-09 17:24:41');
insert into comments (id, content_body, post_id, user_id, created_date, modified_date) values (28, 'Cras mi pede, malesuada in, imperdiet et, commodo vulputate, justo. In blandit ultrices enim. Lorem ipsum dolor sit amet, consectetuer adipiscing elit. Proin interdum mauris non ligula pellentesque ultrices. Phasellus id sapien in sapien iaculis congue.', 111, 17, '2020-04-25 05:38:03', '2020-05-10 09:19:02');
insert into comments (id, content_body, post_id, user_id, created_date, modified_date) values (29, 'Integer non velit.', 186, 37, '2020-04-24 04:37:08', '2020-05-09 03:19:36');
insert into comments (id, content_body, post_id, user_id, created_date, modified_date) values (30, 'Nulla tellus. In sagittis dui vel nisl. Duis ac nibh. Fusce lacus purus, aliquet at, feugiat non, pretium quis, lectus. Suspendisse potenti. In eleifend quam a odio.', 179, 31, '2020-04-25 12:23:48', '2020-05-10 20:59:51');
insert into comments (id, content_body, post_id, user_id, created_date, modified_date) values (31, 'Maecenas tincidunt lacus at velit. Vivamus vel nulla eget eros elementum pellentesque.', 97, 38, '2020-05-05 01:02:45', '2020-05-10 08:55:46');
insert into comments (id, content_body, post_id, user_id, created_date, modified_date) values (32, 'Praesent lectus. Vestibulum quam sapien, varius ut, blandit non, interdum in, ante. Vestibulum ante ipsum primis in faucibus orci luctus et ultrices posuere cubilia Curae; Duis faucibus accumsan odio.', 57, 30, '2020-05-01 04:35:06', '2020-05-10 07:02:03');
insert into comments (id, content_body, post_id, user_id, created_date, modified_date) values (33, 'Aenean lectus.', 127, 13, '2020-04-24 08:29:00', '2020-05-10 21:37:02');
insert into comments (id, content_body, post_id, user_id, created_date, modified_date) values (34, 'Fusce lacus purus, aliquet at, feugiat non, pretium quis, lectus. Suspendisse potenti. In eleifend quam a odio.', 134, 43, '2020-05-01 01:34:47', '2020-05-10 04:26:06');
insert into comments (id, content_body, post_id, user_id, created_date, modified_date) values (35, 'Maecenas ut massa quis augue luctus tincidunt.', 10, 28, '2020-05-07 03:21:30', '2020-05-10 13:11:20');
insert into comments (id, content_body, post_id, user_id, created_date, modified_date) values (36, 'Pellentesque eget nunc. Donec quis orci eget orci vehicula condimentum. Curabitur in libero ut massa volutpat convallis.', 184, 21, '2020-04-24 16:37:51', '2020-05-10 09:25:05');
insert into comments (id, content_body, post_id, user_id, created_date, modified_date) values (37, 'Cras mi pede, malesuada in, imperdiet et, commodo vulputate, justo. In blandit ultrices enim. Lorem ipsum dolor sit amet, consectetuer adipiscing elit. Proin interdum mauris non ligula pellentesque ultrices.', 189, 21, '2020-04-26 21:31:56', '2020-05-10 23:06:37');
insert into comments (id, content_body, post_id, user_id, created_date, modified_date) values (38, 'Aliquam sit amet diam in magna bibendum imperdiet. Nullam orci pede, venenatis non, sodales sed, tincidunt eu, felis. Fusce posuere felis sed lacus. Morbi sem mauris, laoreet ut, rhoncus aliquet, pulvinar sed, nisl.', 191, 10, '2020-05-07 15:56:58', '2020-05-09 07:08:11');
insert into comments (id, content_body, post_id, user_id, created_date, modified_date) values (39, 'Nam nulla.', 174, 10, '2020-04-24 17:20:11', '2020-05-10 20:54:58');
insert into comments (id, content_body, post_id, user_id, created_date, modified_date) values (40, 'Morbi vestibulum, velit id pretium iaculis, diam erat fermentum justo, nec condimentum neque sapien placerat ante.', 78, 14, '2020-04-27 01:59:20', '2020-05-10 04:09:29');
insert into comments (id, content_body, post_id, user_id, created_date, modified_date) values (41, 'In sagittis dui vel nisl. Duis ac nibh. Fusce lacus purus, aliquet at, feugiat non, pretium quis, lectus.', 7, 11, '2020-04-29 16:11:17', '2020-05-10 15:10:24');
insert into comments (id, content_body, post_id, user_id, created_date, modified_date) values (42, 'Mauris enim leo, rhoncus sed, vestibulum sit amet, cursus id, turpis.', 134, 30, '2020-04-29 13:49:05', '2020-05-10 21:19:40');
insert into comments (id, content_body, post_id, user_id, created_date, modified_date) values (43, 'Nulla tellus. In sagittis dui vel nisl. Duis ac nibh. Fusce lacus purus, aliquet at, feugiat non, pretium quis, lectus.', 115, 47, '2020-04-30 14:36:53', '2020-05-10 10:16:27');
insert into comments (id, content_body, post_id, user_id, created_date, modified_date) values (44, 'Integer ac leo. Pellentesque ultrices mattis odio. Donec vitae nisi.', 119, 44, '2020-05-04 06:20:25', '2020-05-09 01:50:10');
insert into comments (id, content_body, post_id, user_id, created_date, modified_date) values (45, 'Sed vel enim sit amet nunc viverra dapibus. Nulla suscipit ligula in lacus. Curabitur at ipsum ac tellus semper interdum.', 110, 36, '2020-05-04 20:22:51', '2020-05-09 08:56:38');
insert into comments (id, content_body, post_id, user_id, created_date, modified_date) values (46, 'Mauris lacinia sapien quis libero. Nullam sit amet turpis elementum ligula vehicula consequat. Morbi a ipsum. Integer a nibh. In quis justo. Maecenas rhoncus aliquam lacus.', 149, 1, '2020-05-02 02:42:12', '2020-05-10 09:52:49');
insert into comments (id, content_body, post_id, user_id, created_date, modified_date) values (47, 'Donec vitae nisi. Nam ultrices, libero non mattis pulvinar, nulla pede ullamcorper augue, a suscipit nulla elit ac nulla. Sed vel enim sit amet nunc viverra dapibus. Nulla suscipit ligula in lacus. Curabitur at ipsum ac tellus semper interdum. Mauris ullamcorper purus sit amet nulla.', 7, 18, '2020-04-25 16:28:45', '2020-05-10 08:38:11');
insert into comments (id, content_body, post_id, user_id, created_date, modified_date) values (48, 'Morbi non quam nec dui luctus rutrum.', 136, 41, '2020-05-02 22:45:49', '2020-05-10 12:03:59');
insert into comments (id, content_body, post_id, user_id, created_date, modified_date) values (49, 'Quisque id justo sit amet sapien dignissim vestibulum. Vestibulum ante ipsum primis in faucibus orci luctus et ultrices posuere cubilia Curae; Nulla dapibus dolor vel est. Donec odio justo, sollicitudin ut, suscipit a, feugiat et, eros. Vestibulum ac est lacinia nisi venenatis tristique. Fusce congue, diam id ornare imperdiet, sapien urna pretium nisl, ut volutpat sapien arcu sed augue.', 124, 12, '2020-04-26 10:24:18', '2020-05-09 15:06:08');
insert into comments (id, content_body, post_id, user_id, created_date, modified_date) values (50, 'Maecenas tristique, est et tempus semper, est quam pharetra magna, ac consequat metus sapien ut nunc. Vestibulum ante ipsum primis in faucibus orci luctus et ultrices posuere cubilia Curae; Mauris viverra diam vitae quam. Suspendisse potenti.', 121, 23, '2020-04-28 16:16:20', '2020-05-10 04:16:24');
insert into comments (id, content_body, post_id, user_id, created_date, modified_date) values (51, 'Nullam varius. Nulla facilisi. Cras non velit nec nisi vulputate nonummy. Maecenas tincidunt lacus at velit.', 200, 28, '2020-04-30 05:03:23', '2020-05-09 18:31:02');
insert into comments (id, content_body, post_id, user_id, created_date, modified_date) values (52, 'Pellentesque viverra pede ac diam. Cras pellentesque volutpat dui. Maecenas tristique, est et tempus semper, est quam pharetra magna, ac consequat metus sapien ut nunc. Vestibulum ante ipsum primis in faucibus orci luctus et ultrices posuere cubilia Curae; Mauris viverra diam vitae quam. Suspendisse potenti. Nullam porttitor lacus at turpis.', 73, 45, '2020-05-03 03:38:46', '2020-05-10 00:56:28');
insert into comments (id, content_body, post_id, user_id, created_date, modified_date) values (53, 'Vivamus metus arcu, adipiscing molestie, hendrerit at, vulputate vitae, nisl.', 4, 2, '2020-04-24 05:39:33', '2020-05-09 15:34:48');
insert into comments (id, content_body, post_id, user_id, created_date, modified_date) values (54, 'In sagittis dui vel nisl. Duis ac nibh. Fusce lacus purus, aliquet at, feugiat non, pretium quis, lectus. Suspendisse potenti. In eleifend quam a odio.', 23, 8, '2020-04-28 23:55:18', '2020-05-09 15:16:40');
insert into comments (id, content_body, post_id, user_id, created_date, modified_date) values (55, 'In sagittis dui vel nisl. Duis ac nibh. Fusce lacus purus, aliquet at, feugiat non, pretium quis, lectus.', 85, 31, '2020-05-03 21:27:26', '2020-05-09 23:15:49');
insert into comments (id, content_body, post_id, user_id, created_date, modified_date) values (56, 'Morbi sem mauris, laoreet ut, rhoncus aliquet, pulvinar sed, nisl. Nunc rhoncus dui vel sem. Sed sagittis. Nam congue, risus semper porta volutpat, quam pede lobortis ligula, sit amet eleifend pede libero quis orci. Nullam molestie nibh in lectus.', 67, 7, '2020-05-06 14:52:27', '2020-05-10 15:24:37');
insert into comments (id, content_body, post_id, user_id, created_date, modified_date) values (57, 'Nam nulla. Integer pede justo, lacinia eget, tincidunt eget, tempus vel, pede. Morbi porttitor lorem id ligula. Suspendisse ornare consequat lectus. In est risus, auctor sed, tristique in, tempus sit amet, sem. Fusce consequat.', 101, 9, '2020-04-29 03:08:20', '2020-05-09 22:31:20');
insert into comments (id, content_body, post_id, user_id, created_date, modified_date) values (58, 'Fusce posuere felis sed lacus. Morbi sem mauris, laoreet ut, rhoncus aliquet, pulvinar sed, nisl. Nunc rhoncus dui vel sem.', 32, 3, '2020-04-27 10:52:15', '2020-05-09 20:28:15');
insert into comments (id, content_body, post_id, user_id, created_date, modified_date) values (59, 'Phasellus sit amet erat. Nulla tempus. Vivamus in felis eu sapien cursus vestibulum. Proin eu mi. Nulla ac enim. In tempor, turpis nec euismod scelerisque, quam turpis adipiscing lorem, vitae mattis nibh ligula nec sem.', 67, 10, '2020-04-30 12:41:09', '2020-05-09 16:45:23');
insert into comments (id, content_body, post_id, user_id, created_date, modified_date) values (60, 'Nam ultrices, libero non mattis pulvinar, nulla pede ullamcorper augue, a suscipit nulla elit ac nulla. Sed vel enim sit amet nunc viverra dapibus. Nulla suscipit ligula in lacus.', 84, 39, '2020-05-07 06:10:19', '2020-05-09 03:44:48');
insert into comments (id, content_body, post_id, user_id, created_date, modified_date) values (61, 'Curabitur at ipsum ac tellus semper interdum. Mauris ullamcorper purus sit amet nulla. Quisque arcu libero, rutrum ac, lobortis vel, dapibus at, diam.', 184, 30, '2020-05-01 16:24:25', '2020-05-09 13:39:06');
insert into comments (id, content_body, post_id, user_id, created_date, modified_date) values (62, 'Aliquam augue quam, sollicitudin vitae, consectetuer eget, rutrum at, lorem. Integer tincidunt ante vel ipsum. Praesent blandit lacinia erat.', 101, 46, '2020-04-28 11:06:52', '2020-05-09 21:15:05');
insert into comments (id, content_body, post_id, user_id, created_date, modified_date) values (63, 'Suspendisse accumsan tortor quis turpis. Sed ante. Vivamus tortor.', 139, 46, '2020-04-26 08:42:29', '2020-05-09 19:54:53');
insert into comments (id, content_body, post_id, user_id, created_date, modified_date) values (64, 'Cras mi pede, malesuada in, imperdiet et, commodo vulputate, justo. In blandit ultrices enim. Lorem ipsum dolor sit amet, consectetuer adipiscing elit. Proin interdum mauris non ligula pellentesque ultrices.', 82, 6, '2020-05-08 20:06:14', '2020-05-09 19:53:41');
insert into comments (id, content_body, post_id, user_id, created_date, modified_date) values (65, 'In est risus, auctor sed, tristique in, tempus sit amet, sem. Fusce consequat. Nulla nisl.', 137, 31, '2020-04-28 13:04:22', '2020-05-09 07:13:14');
insert into comments (id, content_body, post_id, user_id, created_date, modified_date) values (66, 'Ut tellus. Nulla ut erat id mauris vulputate elementum.', 160, 31, '2020-04-26 08:42:06', '2020-05-09 03:14:42');
insert into comments (id, content_body, post_id, user_id, created_date, modified_date) values (67, 'In blandit ultrices enim. Lorem ipsum dolor sit amet, consectetuer adipiscing elit.', 6, 21, '2020-04-29 12:03:21', '2020-05-10 08:56:05');
insert into comments (id, content_body, post_id, user_id, created_date, modified_date) values (68, 'Sed sagittis. Nam congue, risus semper porta volutpat, quam pede lobortis ligula, sit amet eleifend pede libero quis orci. Nullam molestie nibh in lectus. Pellentesque at nulla. Suspendisse potenti. Cras in purus eu magna vulputate luctus.', 184, 17, '2020-04-26 15:45:12', '2020-05-09 13:58:10');
insert into comments (id, content_body, post_id, user_id, created_date, modified_date) values (69, 'Morbi vel lectus in quam fringilla rhoncus. Mauris enim leo, rhoncus sed, vestibulum sit amet, cursus id, turpis. Integer aliquet, massa id lobortis convallis, tortor risus dapibus augue, vel accumsan tellus nisi eu orci. Mauris lacinia sapien quis libero. Nullam sit amet turpis elementum ligula vehicula consequat.', 126, 32, '2020-05-08 04:25:41', '2020-05-10 06:56:59');
insert into comments (id, content_body, post_id, user_id, created_date, modified_date) values (70, 'Nunc nisl. Duis bibendum, felis sed interdum venenatis, turpis enim blandit mi, in porttitor pede justo eu massa.', 53, 6, '2020-05-07 16:21:15', '2020-05-10 05:22:54');
insert into comments (id, content_body, post_id, user_id, created_date, modified_date) values (71, 'Integer a nibh. In quis justo. Maecenas rhoncus aliquam lacus.', 36, 18, '2020-04-28 18:59:45', '2020-05-09 12:05:12');
insert into comments (id, content_body, post_id, user_id, created_date, modified_date) values (72, 'Lorem ipsum dolor sit amet, consectetuer adipiscing elit. Proin interdum mauris non ligula pellentesque ultrices. Phasellus id sapien in sapien iaculis congue. Vivamus metus arcu, adipiscing molestie, hendrerit at, vulputate vitae, nisl. Aenean lectus.', 27, 10, '2020-04-27 14:08:01', '2020-05-10 18:20:40');
insert into comments (id, content_body, post_id, user_id, created_date, modified_date) values (73, 'Mauris sit amet eros. Suspendisse accumsan tortor quis turpis. Sed ante. Vivamus tortor. Duis mattis egestas metus. Aenean fermentum.', 140, 23, '2020-05-08 09:55:03', '2020-05-09 09:51:19');
insert into comments (id, content_body, post_id, user_id, created_date, modified_date) values (74, 'Aliquam non mauris. Morbi non lectus. Aliquam sit amet diam in magna bibendum imperdiet. Nullam orci pede, venenatis non, sodales sed, tincidunt eu, felis. Fusce posuere felis sed lacus.', 166, 13, '2020-05-07 06:49:59', '2020-05-09 00:50:34');
insert into comments (id, content_body, post_id, user_id, created_date, modified_date) values (75, 'Duis bibendum. Morbi non quam nec dui luctus rutrum.', 143, 19, '2020-05-06 18:35:15', '2020-05-09 19:23:36');
insert into comments (id, content_body, post_id, user_id, created_date, modified_date) values (76, 'Integer tincidunt ante vel ipsum. Praesent blandit lacinia erat. Vestibulum sed magna at nunc commodo placerat. Praesent blandit. Nam nulla. Integer pede justo, lacinia eget, tincidunt eget, tempus vel, pede.', 147, 23, '2020-05-01 11:52:56', '2020-05-09 13:55:52');
insert into comments (id, content_body, post_id, user_id, created_date, modified_date) values (77, 'Morbi odio odio, elementum eu, interdum eu, tincidunt in, leo. Maecenas pulvinar lobortis est. Phasellus sit amet erat. Nulla tempus. Vivamus in felis eu sapien cursus vestibulum.', 166, 45, '2020-05-05 21:46:42', '2020-05-09 16:46:29');
insert into comments (id, content_body, post_id, user_id, created_date, modified_date) values (78, 'Maecenas ut massa quis augue luctus tincidunt. Nulla mollis molestie lorem. Quisque ut erat. Curabitur gravida nisi at nibh. In hac habitasse platea dictumst.', 181, 29, '2020-04-27 14:22:19', '2020-05-10 01:53:16');
insert into comments (id, content_body, post_id, user_id, created_date, modified_date) values (79, 'Donec vitae nisi. Nam ultrices, libero non mattis pulvinar, nulla pede ullamcorper augue, a suscipit nulla elit ac nulla. Sed vel enim sit amet nunc viverra dapibus. Nulla suscipit ligula in lacus.', 134, 40, '2020-05-07 16:59:37', '2020-05-09 10:49:42');
insert into comments (id, content_body, post_id, user_id, created_date, modified_date) values (80, 'Donec dapibus. Duis at velit eu est congue elementum. In hac habitasse platea dictumst. Morbi vestibulum, velit id pretium iaculis, diam erat fermentum justo, nec condimentum neque sapien placerat ante.', 23, 35, '2020-04-24 18:19:50', '2020-05-10 12:54:03');
insert into comments (id, content_body, post_id, user_id, created_date, modified_date) values (81, 'Aenean lectus. Pellentesque eget nunc. Donec quis orci eget orci vehicula condimentum. Curabitur in libero ut massa volutpat convallis. Morbi odio odio, elementum eu, interdum eu, tincidunt in, leo.', 71, 2, '2020-05-08 04:03:40', '2020-05-09 08:06:42');
insert into comments (id, content_body, post_id, user_id, created_date, modified_date) values (82, 'Nulla ac enim. In tempor, turpis nec euismod scelerisque, quam turpis adipiscing lorem, vitae mattis nibh ligula nec sem.', 97, 24, '2020-05-04 03:57:17', '2020-05-09 19:37:37');
insert into comments (id, content_body, post_id, user_id, created_date, modified_date) values (83, 'Suspendisse ornare consequat lectus.', 151, 1, '2020-05-01 09:14:10', '2020-05-09 16:52:39');
insert into comments (id, content_body, post_id, user_id, created_date, modified_date) values (84, 'Suspendisse potenti. Cras in purus eu magna vulputate luctus. Cum sociis natoque penatibus et magnis dis parturient montes, nascetur ridiculus mus. Vivamus vestibulum sagittis sapien.', 149, 23, '2020-05-06 03:24:49', '2020-05-09 15:49:53');
insert into comments (id, content_body, post_id, user_id, created_date, modified_date) values (85, 'Morbi porttitor lorem id ligula. Suspendisse ornare consequat lectus.', 84, 5, '2020-05-06 01:25:05', '2020-05-09 15:04:55');
insert into comments (id, content_body, post_id, user_id, created_date, modified_date) values (86, 'In hac habitasse platea dictumst. Maecenas ut massa quis augue luctus tincidunt. Nulla mollis molestie lorem. Quisque ut erat.', 89, 37, '2020-05-08 03:46:40', '2020-05-10 15:47:41');
insert into comments (id, content_body, post_id, user_id, created_date, modified_date) values (87, 'Maecenas ut massa quis augue luctus tincidunt. Nulla mollis molestie lorem. Quisque ut erat. Curabitur gravida nisi at nibh. In hac habitasse platea dictumst.', 66, 14, '2020-05-06 05:01:35', '2020-05-09 03:09:55');
insert into comments (id, content_body, post_id, user_id, created_date, modified_date) values (88, 'Pellentesque eget nunc. Donec quis orci eget orci vehicula condimentum. Curabitur in libero ut massa volutpat convallis.', 166, 12, '2020-04-27 14:10:39', '2020-05-10 03:35:04');
insert into comments (id, content_body, post_id, user_id, created_date, modified_date) values (89, 'Nullam molestie nibh in lectus. Pellentesque at nulla. Suspendisse potenti.', 98, 14, '2020-04-29 15:12:15', '2020-05-09 16:11:05');
insert into comments (id, content_body, post_id, user_id, created_date, modified_date) values (90, 'In quis justo.', 71, 6, '2020-05-06 00:44:15', '2020-05-10 13:00:09');
insert into comments (id, content_body, post_id, user_id, created_date, modified_date) values (91, 'Integer ac leo. Pellentesque ultrices mattis odio. Donec vitae nisi. Nam ultrices, libero non mattis pulvinar, nulla pede ullamcorper augue, a suscipit nulla elit ac nulla. Sed vel enim sit amet nunc viverra dapibus. Nulla suscipit ligula in lacus.', 42, 23, '2020-05-05 12:04:41', '2020-05-10 21:33:35');
insert into comments (id, content_body, post_id, user_id, created_date, modified_date) values (92, 'Maecenas pulvinar lobortis est.', 84, 37, '2020-04-29 02:07:31', '2020-05-10 16:53:37');
insert into comments (id, content_body, post_id, user_id, created_date, modified_date) values (93, 'Maecenas pulvinar lobortis est. Phasellus sit amet erat.', 192, 42, '2020-05-08 01:29:29', '2020-05-10 08:26:12');
insert into comments (id, content_body, post_id, user_id, created_date, modified_date) values (94, 'Duis bibendum, felis sed interdum venenatis, turpis enim blandit mi, in porttitor pede justo eu massa.', 119, 14, '2020-05-02 06:41:49', '2020-05-09 10:27:17');
insert into comments (id, content_body, post_id, user_id, created_date, modified_date) values (95, 'Aliquam non mauris.', 47, 17, '2020-05-01 19:24:35', '2020-05-09 09:35:56');
insert into comments (id, content_body, post_id, user_id, created_date, modified_date) values (96, 'Duis at velit eu est congue elementum.', 36, 36, '2020-04-24 11:07:12', '2020-05-10 04:49:54');
insert into comments (id, content_body, post_id, user_id, created_date, modified_date) values (97, 'Maecenas pulvinar lobortis est. Phasellus sit amet erat. Nulla tempus.', 123, 16, '2020-04-28 23:10:55', '2020-05-09 12:37:17');
insert into comments (id, content_body, post_id, user_id, created_date, modified_date) values (98, 'Duis bibendum. Morbi non quam nec dui luctus rutrum. Nulla tellus. In sagittis dui vel nisl. Duis ac nibh. Fusce lacus purus, aliquet at, feugiat non, pretium quis, lectus.', 196, 17, '2020-05-07 19:59:54', '2020-05-10 17:06:30');
insert into comments (id, content_body, post_id, user_id, created_date, modified_date) values (99, 'Donec ut dolor.', 94, 31, '2020-04-25 02:41:09', '2020-05-10 00:08:09');
insert into comments (id, content_body, post_id, user_id, created_date, modified_date) values (100, 'In hac habitasse platea dictumst. Aliquam augue quam, sollicitudin vitae, consectetuer eget, rutrum at, lorem. Integer tincidunt ante vel ipsum. Praesent blandit lacinia erat. Vestibulum sed magna at nunc commodo placerat. Praesent blandit.', 133, 44, '2020-04-30 13:40:53', '2020-05-09 10:04:26');
insert into comments (id, content_body, post_id, user_id, created_date, modified_date) values (101, 'Duis at velit eu est congue elementum. In hac habitasse platea dictumst. Morbi vestibulum, velit id pretium iaculis, diam erat fermentum justo, nec condimentum neque sapien placerat ante. Nulla justo.', 168, 25, '2020-04-27 08:13:47', '2020-05-09 20:29:02');
insert into comments (id, content_body, post_id, user_id, created_date, modified_date) values (102, 'Praesent blandit lacinia erat. Vestibulum sed magna at nunc commodo placerat. Praesent blandit. Nam nulla. Integer pede justo, lacinia eget, tincidunt eget, tempus vel, pede. Morbi porttitor lorem id ligula.', 102, 45, '2020-05-08 01:14:10', '2020-05-09 10:24:33');
insert into comments (id, content_body, post_id, user_id, created_date, modified_date) values (103, 'Nulla tempus. Vivamus in felis eu sapien cursus vestibulum. Proin eu mi. Nulla ac enim. In tempor, turpis nec euismod scelerisque, quam turpis adipiscing lorem, vitae mattis nibh ligula nec sem. Duis aliquam convallis nunc.', 163, 24, '2020-05-03 20:36:08', '2020-05-09 10:05:49');
insert into comments (id, content_body, post_id, user_id, created_date, modified_date) values (104, 'Maecenas tristique, est et tempus semper, est quam pharetra magna, ac consequat metus sapien ut nunc. Vestibulum ante ipsum primis in faucibus orci luctus et ultrices posuere cubilia Curae; Mauris viverra diam vitae quam. Suspendisse potenti.', 64, 11, '2020-04-27 08:05:51', '2020-05-09 20:49:19');
insert into comments (id, content_body, post_id, user_id, created_date, modified_date) values (105, 'Proin risus. Praesent lectus. Vestibulum quam sapien, varius ut, blandit non, interdum in, ante.', 139, 44, '2020-04-26 08:00:08', '2020-05-09 22:59:04');
insert into comments (id, content_body, post_id, user_id, created_date, modified_date) values (106, 'Proin eu mi. Nulla ac enim. In tempor, turpis nec euismod scelerisque, quam turpis adipiscing lorem, vitae mattis nibh ligula nec sem. Duis aliquam convallis nunc.', 81, 25, '2020-04-27 08:50:24', '2020-05-10 18:37:34');
insert into comments (id, content_body, post_id, user_id, created_date, modified_date) values (107, 'Quisque id justo sit amet sapien dignissim vestibulum. Vestibulum ante ipsum primis in faucibus orci luctus et ultrices posuere cubilia Curae; Nulla dapibus dolor vel est. Donec odio justo, sollicitudin ut, suscipit a, feugiat et, eros. Vestibulum ac est lacinia nisi venenatis tristique. Fusce congue, diam id ornare imperdiet, sapien urna pretium nisl, ut volutpat sapien arcu sed augue. Aliquam erat volutpat.', 198, 20, '2020-04-25 07:28:50', '2020-05-09 12:07:57');
insert into comments (id, content_body, post_id, user_id, created_date, modified_date) values (108, 'Fusce lacus purus, aliquet at, feugiat non, pretium quis, lectus. Suspendisse potenti. In eleifend quam a odio.', 18, 35, '2020-05-07 20:58:37', '2020-05-10 21:59:58');
insert into comments (id, content_body, post_id, user_id, created_date, modified_date) values (109, 'Nulla tellus. In sagittis dui vel nisl. Duis ac nibh.', 82, 4, '2020-04-25 15:23:40', '2020-05-09 12:07:04');
insert into comments (id, content_body, post_id, user_id, created_date, modified_date) values (110, 'In quis justo. Maecenas rhoncus aliquam lacus. Morbi quis tortor id nulla ultrices aliquet.', 195, 20, '2020-05-08 16:36:19', '2020-05-09 08:22:49');
insert into comments (id, content_body, post_id, user_id, created_date, modified_date) values (111, 'Morbi quis tortor id nulla ultrices aliquet. Maecenas leo odio, condimentum id, luctus nec, molestie sed, justo.', 150, 6, '2020-04-30 02:26:36', '2020-05-09 06:14:25');
insert into comments (id, content_body, post_id, user_id, created_date, modified_date) values (112, 'Etiam vel augue. Vestibulum rutrum rutrum neque.', 109, 34, '2020-05-02 02:56:12', '2020-05-10 22:48:20');
insert into comments (id, content_body, post_id, user_id, created_date, modified_date) values (113, 'Mauris ullamcorper purus sit amet nulla.', 170, 7, '2020-04-26 21:46:30', '2020-05-09 11:15:07');
insert into comments (id, content_body, post_id, user_id, created_date, modified_date) values (114, 'Proin risus. Praesent lectus.', 177, 28, '2020-05-01 13:06:15', '2020-05-10 05:28:53');
insert into comments (id, content_body, post_id, user_id, created_date, modified_date) values (115, 'Donec quis orci eget orci vehicula condimentum.', 84, 2, '2020-05-06 23:00:32', '2020-05-10 21:03:25');
insert into comments (id, content_body, post_id, user_id, created_date, modified_date) values (116, 'Duis at velit eu est congue elementum. In hac habitasse platea dictumst. Morbi vestibulum, velit id pretium iaculis, diam erat fermentum justo, nec condimentum neque sapien placerat ante. Nulla justo. Aliquam quis turpis eget elit sodales scelerisque.', 17, 47, '2020-04-27 14:28:24', '2020-05-09 23:02:56');
insert into comments (id, content_body, post_id, user_id, created_date, modified_date) values (117, 'Fusce lacus purus, aliquet at, feugiat non, pretium quis, lectus. Suspendisse potenti. In eleifend quam a odio. In hac habitasse platea dictumst. Maecenas ut massa quis augue luctus tincidunt.', 173, 33, '2020-04-29 07:51:55', '2020-05-10 01:47:39');
insert into comments (id, content_body, post_id, user_id, created_date, modified_date) values (118, 'Maecenas pulvinar lobortis est. Phasellus sit amet erat. Nulla tempus.', 104, 37, '2020-04-28 17:16:07', '2020-05-10 17:21:36');
insert into comments (id, content_body, post_id, user_id, created_date, modified_date) values (119, 'Cum sociis natoque penatibus et magnis dis parturient montes, nascetur ridiculus mus. Vivamus vestibulum sagittis sapien. Cum sociis natoque penatibus et magnis dis parturient montes, nascetur ridiculus mus. Etiam vel augue. Vestibulum rutrum rutrum neque. Aenean auctor gravida sem.', 42, 25, '2020-05-02 16:40:21', '2020-05-09 21:50:15');
insert into comments (id, content_body, post_id, user_id, created_date, modified_date) values (120, 'Integer ac leo. Pellentesque ultrices mattis odio.', 141, 1, '2020-05-01 15:35:33', '2020-05-09 17:53:07');
insert into comments (id, content_body, post_id, user_id, created_date, modified_date) values (121, 'Duis at velit eu est congue elementum. In hac habitasse platea dictumst. Morbi vestibulum, velit id pretium iaculis, diam erat fermentum justo, nec condimentum neque sapien placerat ante.', 100, 37, '2020-04-30 02:34:47', '2020-05-10 10:48:05');
insert into comments (id, content_body, post_id, user_id, created_date, modified_date) values (122, 'Duis aliquam convallis nunc. Proin at turpis a pede posuere nonummy. Integer non velit. Donec diam neque, vestibulum eget, vulputate ut, ultrices vel, augue. Vestibulum ante ipsum primis in faucibus orci luctus et ultrices posuere cubilia Curae; Donec pharetra, magna vestibulum aliquet ultrices, erat tortor sollicitudin mi, sit amet lobortis sapien sapien non mi.', 31, 37, '2020-05-06 19:52:52', '2020-05-09 15:19:33');
insert into comments (id, content_body, post_id, user_id, created_date, modified_date) values (123, 'Aenean sit amet justo. Morbi ut odio. Cras mi pede, malesuada in, imperdiet et, commodo vulputate, justo. In blandit ultrices enim.', 71, 26, '2020-05-06 00:08:08', '2020-05-10 12:18:13');
insert into comments (id, content_body, post_id, user_id, created_date, modified_date) values (124, 'Vestibulum ante ipsum primis in faucibus orci luctus et ultrices posuere cubilia Curae; Mauris viverra diam vitae quam. Suspendisse potenti. Nullam porttitor lacus at turpis. Donec posuere metus vitae ipsum. Aliquam non mauris.', 12, 26, '2020-04-28 06:05:48', '2020-05-09 12:52:01');
insert into comments (id, content_body, post_id, user_id, created_date, modified_date) values (125, 'Pellentesque ultrices mattis odio. Donec vitae nisi. Nam ultrices, libero non mattis pulvinar, nulla pede ullamcorper augue, a suscipit nulla elit ac nulla. Sed vel enim sit amet nunc viverra dapibus. Nulla suscipit ligula in lacus. Curabitur at ipsum ac tellus semper interdum.', 184, 10, '2020-04-28 02:19:33', '2020-05-09 05:12:31');
insert into comments (id, content_body, post_id, user_id, created_date, modified_date) values (126, 'Duis bibendum, felis sed interdum venenatis, turpis enim blandit mi, in porttitor pede justo eu massa. Donec dapibus. Duis at velit eu est congue elementum. In hac habitasse platea dictumst.', 38, 11, '2020-04-24 03:29:59', '2020-05-09 06:02:00');
insert into comments (id, content_body, post_id, user_id, created_date, modified_date) values (127, 'Curabitur at ipsum ac tellus semper interdum. Mauris ullamcorper purus sit amet nulla.', 74, 39, '2020-05-03 01:19:08', '2020-05-10 09:25:36');
insert into comments (id, content_body, post_id, user_id, created_date, modified_date) values (128, 'Nulla nisl.', 165, 17, '2020-05-04 02:29:59', '2020-05-09 16:51:57');
insert into comments (id, content_body, post_id, user_id, created_date, modified_date) values (129, 'Vestibulum ante ipsum primis in faucibus orci luctus et ultrices posuere cubilia Curae; Donec pharetra, magna vestibulum aliquet ultrices, erat tortor sollicitudin mi, sit amet lobortis sapien sapien non mi. Integer ac neque. Duis bibendum. Morbi non quam nec dui luctus rutrum. Nulla tellus.', 180, 3, '2020-04-29 15:53:21', '2020-05-09 14:28:33');
insert into comments (id, content_body, post_id, user_id, created_date, modified_date) values (130, 'Morbi porttitor lorem id ligula. Suspendisse ornare consequat lectus. In est risus, auctor sed, tristique in, tempus sit amet, sem. Fusce consequat. Nulla nisl. Nunc nisl.', 199, 30, '2020-05-06 01:48:13', '2020-05-09 21:54:09');
insert into comments (id, content_body, post_id, user_id, created_date, modified_date) values (131, 'In sagittis dui vel nisl. Duis ac nibh. Fusce lacus purus, aliquet at, feugiat non, pretium quis, lectus. Suspendisse potenti.', 187, 36, '2020-04-30 08:53:10', '2020-05-10 05:50:19');
insert into comments (id, content_body, post_id, user_id, created_date, modified_date) values (132, 'Quisque ut erat. Curabitur gravida nisi at nibh. In hac habitasse platea dictumst. Aliquam augue quam, sollicitudin vitae, consectetuer eget, rutrum at, lorem. Integer tincidunt ante vel ipsum. Praesent blandit lacinia erat.', 87, 23, '2020-05-04 14:56:51', '2020-05-09 03:12:18');
insert into comments (id, content_body, post_id, user_id, created_date, modified_date) values (133, 'Fusce congue, diam id ornare imperdiet, sapien urna pretium nisl, ut volutpat sapien arcu sed augue.', 178, 4, '2020-05-04 11:19:49', '2020-05-10 16:32:57');
insert into comments (id, content_body, post_id, user_id, created_date, modified_date) values (134, 'Nullam porttitor lacus at turpis.', 165, 1, '2020-05-08 21:40:17', '2020-05-09 07:23:54');
insert into comments (id, content_body, post_id, user_id, created_date, modified_date) values (135, 'Donec dapibus. Duis at velit eu est congue elementum. In hac habitasse platea dictumst. Morbi vestibulum, velit id pretium iaculis, diam erat fermentum justo, nec condimentum neque sapien placerat ante. Nulla justo.', 30, 34, '2020-04-25 11:07:52', '2020-05-09 06:04:36');
insert into comments (id, content_body, post_id, user_id, created_date, modified_date) values (136, 'Fusce congue, diam id ornare imperdiet, sapien urna pretium nisl, ut volutpat sapien arcu sed augue. Aliquam erat volutpat. In congue. Etiam justo.', 3, 26, '2020-05-08 09:37:47', '2020-05-10 17:47:27');
insert into comments (id, content_body, post_id, user_id, created_date, modified_date) values (137, 'Cras non velit nec nisi vulputate nonummy. Maecenas tincidunt lacus at velit. Vivamus vel nulla eget eros elementum pellentesque. Quisque porta volutpat erat. Quisque erat eros, viverra eget, congue eget, semper rutrum, nulla. Nunc purus.', 33, 14, '2020-04-29 10:44:32', '2020-05-10 11:55:38');
insert into comments (id, content_body, post_id, user_id, created_date, modified_date) values (138, 'Praesent id massa id nisl venenatis lacinia.', 68, 16, '2020-05-02 12:33:04', '2020-05-09 12:03:20');
insert into comments (id, content_body, post_id, user_id, created_date, modified_date) values (139, 'Fusce consequat.', 57, 43, '2020-05-02 07:34:18', '2020-05-09 06:05:56');
insert into comments (id, content_body, post_id, user_id, created_date, modified_date) values (140, 'Nulla justo. Aliquam quis turpis eget elit sodales scelerisque. Mauris sit amet eros. Suspendisse accumsan tortor quis turpis.', 138, 3, '2020-05-06 05:22:05', '2020-05-10 16:46:35');
insert into comments (id, content_body, post_id, user_id, created_date, modified_date) values (141, 'Suspendisse potenti. In eleifend quam a odio. In hac habitasse platea dictumst. Maecenas ut massa quis augue luctus tincidunt. Nulla mollis molestie lorem. Quisque ut erat.', 195, 20, '2020-05-04 05:13:12', '2020-05-09 20:57:19');
insert into comments (id, content_body, post_id, user_id, created_date, modified_date) values (142, 'Duis bibendum. Morbi non quam nec dui luctus rutrum. Nulla tellus. In sagittis dui vel nisl. Duis ac nibh.', 189, 33, '2020-05-03 14:20:33', '2020-05-09 00:10:44');
insert into comments (id, content_body, post_id, user_id, created_date, modified_date) values (143, 'Nunc nisl. Duis bibendum, felis sed interdum venenatis, turpis enim blandit mi, in porttitor pede justo eu massa. Donec dapibus. Duis at velit eu est congue elementum. In hac habitasse platea dictumst. Morbi vestibulum, velit id pretium iaculis, diam erat fermentum justo, nec condimentum neque sapien placerat ante.', 200, 19, '2020-04-25 15:01:24', '2020-05-10 03:34:22');
insert into comments (id, content_body, post_id, user_id, created_date, modified_date) values (144, 'Donec dapibus. Duis at velit eu est congue elementum. In hac habitasse platea dictumst. Morbi vestibulum, velit id pretium iaculis, diam erat fermentum justo, nec condimentum neque sapien placerat ante. Nulla justo.', 175, 33, '2020-04-24 23:09:12', '2020-05-10 11:36:32');
insert into comments (id, content_body, post_id, user_id, created_date, modified_date) values (145, 'In blandit ultrices enim. Lorem ipsum dolor sit amet, consectetuer adipiscing elit.', 153, 32, '2020-05-07 04:18:19', '2020-05-09 23:52:50');
insert into comments (id, content_body, post_id, user_id, created_date, modified_date) values (146, 'Integer tincidunt ante vel ipsum. Praesent blandit lacinia erat.', 52, 47, '2020-04-30 06:23:27', '2020-05-10 11:33:06');
insert into comments (id, content_body, post_id, user_id, created_date, modified_date) values (147, 'Etiam faucibus cursus urna. Ut tellus. Nulla ut erat id mauris vulputate elementum. Nullam varius. Nulla facilisi. Cras non velit nec nisi vulputate nonummy.', 152, 35, '2020-04-26 18:50:43', '2020-05-10 21:09:15');
insert into comments (id, content_body, post_id, user_id, created_date, modified_date) values (148, 'Cras pellentesque volutpat dui. Maecenas tristique, est et tempus semper, est quam pharetra magna, ac consequat metus sapien ut nunc. Vestibulum ante ipsum primis in faucibus orci luctus et ultrices posuere cubilia Curae; Mauris viverra diam vitae quam. Suspendisse potenti.', 13, 38, '2020-05-01 07:19:43', '2020-05-09 19:26:08');
insert into comments (id, content_body, post_id, user_id, created_date, modified_date) values (149, 'In blandit ultrices enim. Lorem ipsum dolor sit amet, consectetuer adipiscing elit. Proin interdum mauris non ligula pellentesque ultrices. Phasellus id sapien in sapien iaculis congue.', 196, 39, '2020-04-30 06:46:24', '2020-05-10 12:10:24');
insert into comments (id, content_body, post_id, user_id, created_date, modified_date) values (150, 'Proin eu mi. Nulla ac enim. In tempor, turpis nec euismod scelerisque, quam turpis adipiscing lorem, vitae mattis nibh ligula nec sem. Duis aliquam convallis nunc.', 163, 41, '2020-05-04 11:35:36', '2020-05-10 21:49:49');
insert into comments (id, content_body, post_id, user_id, created_date, modified_date) values (151, 'Sed vel enim sit amet nunc viverra dapibus. Nulla suscipit ligula in lacus. Curabitur at ipsum ac tellus semper interdum. Mauris ullamcorper purus sit amet nulla. Quisque arcu libero, rutrum ac, lobortis vel, dapibus at, diam.', 115, 43, '2020-05-03 13:16:51', '2020-05-09 05:25:42');
insert into comments (id, content_body, post_id, user_id, created_date, modified_date) values (152, 'Cum sociis natoque penatibus et magnis dis parturient montes, nascetur ridiculus mus. Etiam vel augue.', 91, 16, '2020-04-27 13:53:51', '2020-05-10 08:36:59');
insert into comments (id, content_body, post_id, user_id, created_date, modified_date) values (153, 'Nam ultrices, libero non mattis pulvinar, nulla pede ullamcorper augue, a suscipit nulla elit ac nulla. Sed vel enim sit amet nunc viverra dapibus.', 158, 11, '2020-04-27 11:32:34', '2020-05-10 17:08:59');
insert into comments (id, content_body, post_id, user_id, created_date, modified_date) values (154, 'In hac habitasse platea dictumst. Morbi vestibulum, velit id pretium iaculis, diam erat fermentum justo, nec condimentum neque sapien placerat ante. Nulla justo. Aliquam quis turpis eget elit sodales scelerisque. Mauris sit amet eros.', 43, 30, '2020-05-06 18:09:21', '2020-05-09 11:38:01');
insert into comments (id, content_body, post_id, user_id, created_date, modified_date) values (155, 'Donec vitae nisi. Nam ultrices, libero non mattis pulvinar, nulla pede ullamcorper augue, a suscipit nulla elit ac nulla. Sed vel enim sit amet nunc viverra dapibus. Nulla suscipit ligula in lacus.', 46, 13, '2020-04-27 09:10:16', '2020-05-10 20:58:54');
insert into comments (id, content_body, post_id, user_id, created_date, modified_date) values (156, 'Maecenas leo odio, condimentum id, luctus nec, molestie sed, justo. Pellentesque viverra pede ac diam. Cras pellentesque volutpat dui.', 116, 30, '2020-05-04 03:53:17', '2020-05-09 07:41:40');
insert into comments (id, content_body, post_id, user_id, created_date, modified_date) values (157, 'Pellentesque viverra pede ac diam.', 135, 32, '2020-05-05 06:09:50', '2020-05-09 08:53:25');
insert into comments (id, content_body, post_id, user_id, created_date, modified_date) values (158, 'Pellentesque eget nunc.', 172, 12, '2020-05-07 09:00:15', '2020-05-09 07:49:47');
insert into comments (id, content_body, post_id, user_id, created_date, modified_date) values (159, 'Donec dapibus.', 125, 32, '2020-04-24 04:03:39', '2020-05-10 02:21:40');
insert into comments (id, content_body, post_id, user_id, created_date, modified_date) values (160, 'In hac habitasse platea dictumst. Aliquam augue quam, sollicitudin vitae, consectetuer eget, rutrum at, lorem. Integer tincidunt ante vel ipsum. Praesent blandit lacinia erat. Vestibulum sed magna at nunc commodo placerat. Praesent blandit.', 159, 29, '2020-05-02 18:06:39', '2020-05-10 10:36:24');
insert into comments (id, content_body, post_id, user_id, created_date, modified_date) values (161, 'Cras in purus eu magna vulputate luctus. Cum sociis natoque penatibus et magnis dis parturient montes, nascetur ridiculus mus. Vivamus vestibulum sagittis sapien. Cum sociis natoque penatibus et magnis dis parturient montes, nascetur ridiculus mus. Etiam vel augue. Vestibulum rutrum rutrum neque.', 20, 31, '2020-05-04 09:31:10', '2020-05-10 13:56:38');
insert into comments (id, content_body, post_id, user_id, created_date, modified_date) values (162, 'Vestibulum ac est lacinia nisi venenatis tristique.', 192, 11, '2020-05-01 18:55:46', '2020-05-09 04:20:58');
insert into comments (id, content_body, post_id, user_id, created_date, modified_date) values (163, 'Integer tincidunt ante vel ipsum. Praesent blandit lacinia erat. Vestibulum sed magna at nunc commodo placerat.', 59, 5, '2020-04-25 14:50:32', '2020-05-09 23:16:27');
insert into comments (id, content_body, post_id, user_id, created_date, modified_date) values (164, 'Cras pellentesque volutpat dui. Maecenas tristique, est et tempus semper, est quam pharetra magna, ac consequat metus sapien ut nunc. Vestibulum ante ipsum primis in faucibus orci luctus et ultrices posuere cubilia Curae; Mauris viverra diam vitae quam. Suspendisse potenti.', 151, 18, '2020-04-28 10:41:37', '2020-05-09 00:01:22');
insert into comments (id, content_body, post_id, user_id, created_date, modified_date) values (165, 'Sed sagittis. Nam congue, risus semper porta volutpat, quam pede lobortis ligula, sit amet eleifend pede libero quis orci.', 80, 43, '2020-05-06 20:43:48', '2020-05-10 20:59:03');
insert into comments (id, content_body, post_id, user_id, created_date, modified_date) values (166, 'Sed ante. Vivamus tortor.', 166, 3, '2020-04-26 09:20:48', '2020-05-10 03:17:36');
insert into comments (id, content_body, post_id, user_id, created_date, modified_date) values (167, 'Nullam porttitor lacus at turpis. Donec posuere metus vitae ipsum. Aliquam non mauris. Morbi non lectus. Aliquam sit amet diam in magna bibendum imperdiet. Nullam orci pede, venenatis non, sodales sed, tincidunt eu, felis.', 93, 46, '2020-05-07 03:59:59', '2020-05-09 05:40:30');
insert into comments (id, content_body, post_id, user_id, created_date, modified_date) values (168, 'Nulla nisl. Nunc nisl.', 62, 31, '2020-05-06 00:53:49', '2020-05-10 21:58:38');
insert into comments (id, content_body, post_id, user_id, created_date, modified_date) values (169, 'In tempor, turpis nec euismod scelerisque, quam turpis adipiscing lorem, vitae mattis nibh ligula nec sem. Duis aliquam convallis nunc.', 26, 45, '2020-04-27 05:11:38', '2020-05-10 15:09:27');
insert into comments (id, content_body, post_id, user_id, created_date, modified_date) values (170, 'Etiam justo. Etiam pretium iaculis justo.', 133, 47, '2020-05-04 08:25:08', '2020-05-09 09:40:53');
insert into comments (id, content_body, post_id, user_id, created_date, modified_date) values (171, 'Fusce congue, diam id ornare imperdiet, sapien urna pretium nisl, ut volutpat sapien arcu sed augue. Aliquam erat volutpat. In congue. Etiam justo. Etiam pretium iaculis justo. In hac habitasse platea dictumst.', 59, 22, '2020-04-26 07:46:50', '2020-05-10 14:45:27');
insert into comments (id, content_body, post_id, user_id, created_date, modified_date) values (172, 'Nullam sit amet turpis elementum ligula vehicula consequat.', 19, 18, '2020-04-25 02:59:36', '2020-05-10 16:48:08');
insert into comments (id, content_body, post_id, user_id, created_date, modified_date) values (173, 'Pellentesque viverra pede ac diam. Cras pellentesque volutpat dui. Maecenas tristique, est et tempus semper, est quam pharetra magna, ac consequat metus sapien ut nunc. Vestibulum ante ipsum primis in faucibus orci luctus et ultrices posuere cubilia Curae; Mauris viverra diam vitae quam. Suspendisse potenti. Nullam porttitor lacus at turpis.', 59, 24, '2020-05-05 20:57:09', '2020-05-10 06:38:15');
insert into comments (id, content_body, post_id, user_id, created_date, modified_date) values (174, 'Quisque id justo sit amet sapien dignissim vestibulum. Vestibulum ante ipsum primis in faucibus orci luctus et ultrices posuere cubilia Curae; Nulla dapibus dolor vel est. Donec odio justo, sollicitudin ut, suscipit a, feugiat et, eros. Vestibulum ac est lacinia nisi venenatis tristique.', 19, 13, '2020-04-25 22:43:14', '2020-05-10 02:56:05');
insert into comments (id, content_body, post_id, user_id, created_date, modified_date) values (175, 'Nulla nisl.', 90, 41, '2020-05-01 19:14:59', '2020-05-09 12:14:36');
insert into comments (id, content_body, post_id, user_id, created_date, modified_date) values (176, 'Cras in purus eu magna vulputate luctus. Cum sociis natoque penatibus et magnis dis parturient montes, nascetur ridiculus mus. Vivamus vestibulum sagittis sapien.', 57, 48, '2020-05-05 02:01:52', '2020-05-09 11:21:12');
insert into comments (id, content_body, post_id, user_id, created_date, modified_date) values (177, 'Nullam orci pede, venenatis non, sodales sed, tincidunt eu, felis. Fusce posuere felis sed lacus. Morbi sem mauris, laoreet ut, rhoncus aliquet, pulvinar sed, nisl.', 170, 34, '2020-05-03 21:09:59', '2020-05-09 06:08:19');
insert into comments (id, content_body, post_id, user_id, created_date, modified_date) values (178, 'In quis justo. Maecenas rhoncus aliquam lacus. Morbi quis tortor id nulla ultrices aliquet.', 184, 42, '2020-04-29 13:13:13', '2020-05-10 09:14:34');
insert into comments (id, content_body, post_id, user_id, created_date, modified_date) values (179, 'Integer aliquet, massa id lobortis convallis, tortor risus dapibus augue, vel accumsan tellus nisi eu orci. Mauris lacinia sapien quis libero. Nullam sit amet turpis elementum ligula vehicula consequat. Morbi a ipsum.', 71, 28, '2020-04-24 11:22:05', '2020-05-10 05:06:28');
insert into comments (id, content_body, post_id, user_id, created_date, modified_date) values (180, 'Nam nulla. Integer pede justo, lacinia eget, tincidunt eget, tempus vel, pede. Morbi porttitor lorem id ligula.', 142, 23, '2020-05-06 03:59:53', '2020-05-10 14:58:57');
insert into comments (id, content_body, post_id, user_id, created_date, modified_date) values (181, 'Morbi ut odio.', 76, 34, '2020-04-29 13:51:16', '2020-05-09 00:04:18');
insert into comments (id, content_body, post_id, user_id, created_date, modified_date) values (182, 'Vestibulum sed magna at nunc commodo placerat. Praesent blandit.', 31, 31, '2020-05-06 02:00:41', '2020-05-10 18:53:21');
insert into comments (id, content_body, post_id, user_id, created_date, modified_date) values (183, 'Duis aliquam convallis nunc. Proin at turpis a pede posuere nonummy. Integer non velit. Donec diam neque, vestibulum eget, vulputate ut, ultrices vel, augue. Vestibulum ante ipsum primis in faucibus orci luctus et ultrices posuere cubilia Curae; Donec pharetra, magna vestibulum aliquet ultrices, erat tortor sollicitudin mi, sit amet lobortis sapien sapien non mi.', 175, 27, '2020-05-07 01:39:42', '2020-05-09 00:58:01');
insert into comments (id, content_body, post_id, user_id, created_date, modified_date) values (184, 'Integer a nibh. In quis justo. Maecenas rhoncus aliquam lacus. Morbi quis tortor id nulla ultrices aliquet. Maecenas leo odio, condimentum id, luctus nec, molestie sed, justo. Pellentesque viverra pede ac diam.', 88, 25, '2020-05-06 18:33:57', '2020-05-09 15:40:04');
insert into comments (id, content_body, post_id, user_id, created_date, modified_date) values (185, 'Duis mattis egestas metus. Aenean fermentum. Donec ut mauris eget massa tempor convallis. Nulla neque libero, convallis eget, eleifend luctus, ultricies eu, nibh. Quisque id justo sit amet sapien dignissim vestibulum. Vestibulum ante ipsum primis in faucibus orci luctus et ultrices posuere cubilia Curae; Nulla dapibus dolor vel est.', 48, 21, '2020-04-30 16:19:27', '2020-05-09 20:03:07');
insert into comments (id, content_body, post_id, user_id, created_date, modified_date) values (186, 'Lorem ipsum dolor sit amet, consectetuer adipiscing elit. Proin risus. Praesent lectus.', 32, 9, '2020-05-08 19:59:20', '2020-05-10 22:39:20');
insert into comments (id, content_body, post_id, user_id, created_date, modified_date) values (187, 'Fusce posuere felis sed lacus. Morbi sem mauris, laoreet ut, rhoncus aliquet, pulvinar sed, nisl. Nunc rhoncus dui vel sem.', 92, 42, '2020-04-27 02:10:41', '2020-05-09 00:45:21');
insert into comments (id, content_body, post_id, user_id, created_date, modified_date) values (188, 'Mauris sit amet eros.', 113, 37, '2020-05-03 02:16:27', '2020-05-10 01:34:26');
insert into comments (id, content_body, post_id, user_id, created_date, modified_date) values (189, 'Quisque erat eros, viverra eget, congue eget, semper rutrum, nulla. Nunc purus. Phasellus in felis. Donec semper sapien a libero. Nam dui. Proin leo odio, porttitor id, consequat in, consequat ut, nulla.', 60, 43, '2020-05-08 03:51:09', '2020-05-09 03:00:15');
insert into comments (id, content_body, post_id, user_id, created_date, modified_date) values (190, 'Vivamus metus arcu, adipiscing molestie, hendrerit at, vulputate vitae, nisl. Aenean lectus. Pellentesque eget nunc.', 53, 45, '2020-05-01 07:33:16', '2020-05-09 11:59:05');
insert into comments (id, content_body, post_id, user_id, created_date, modified_date) values (191, 'Morbi ut odio.', 133, 46, '2020-05-02 23:24:29', '2020-05-10 12:06:16');
insert into comments (id, content_body, post_id, user_id, created_date, modified_date) values (192, 'Nullam varius. Nulla facilisi. Cras non velit nec nisi vulputate nonummy.', 77, 33, '2020-04-25 20:31:01', '2020-05-10 04:43:05');
insert into comments (id, content_body, post_id, user_id, created_date, modified_date) values (193, 'Suspendisse potenti. In eleifend quam a odio. In hac habitasse platea dictumst. Maecenas ut massa quis augue luctus tincidunt. Nulla mollis molestie lorem.', 11, 40, '2020-04-30 14:33:15', '2020-05-09 02:50:38');
insert into comments (id, content_body, post_id, user_id, created_date, modified_date) values (194, 'Morbi ut odio. Cras mi pede, malesuada in, imperdiet et, commodo vulputate, justo. In blandit ultrices enim. Lorem ipsum dolor sit amet, consectetuer adipiscing elit. Proin interdum mauris non ligula pellentesque ultrices.', 14, 48, '2020-05-06 14:41:27', '2020-05-09 21:53:04');
insert into comments (id, content_body, post_id, user_id, created_date, modified_date) values (195, 'Vivamus in felis eu sapien cursus vestibulum. Proin eu mi. Nulla ac enim. In tempor, turpis nec euismod scelerisque, quam turpis adipiscing lorem, vitae mattis nibh ligula nec sem. Duis aliquam convallis nunc. Proin at turpis a pede posuere nonummy.', 123, 6, '2020-05-08 03:52:38', '2020-05-09 05:39:39');
insert into comments (id, content_body, post_id, user_id, created_date, modified_date) values (196, 'Vivamus metus arcu, adipiscing molestie, hendrerit at, vulputate vitae, nisl. Aenean lectus. Pellentesque eget nunc. Donec quis orci eget orci vehicula condimentum.', 176, 34, '2020-05-02 13:01:38', '2020-05-10 09:58:14');
insert into comments (id, content_body, post_id, user_id, created_date, modified_date) values (197, 'Nulla nisl. Nunc nisl. Duis bibendum, felis sed interdum venenatis, turpis enim blandit mi, in porttitor pede justo eu massa. Donec dapibus.', 172, 20, '2020-05-01 23:25:09', '2020-05-10 09:34:13');
insert into comments (id, content_body, post_id, user_id, created_date, modified_date) values (198, 'Cum sociis natoque penatibus et magnis dis parturient montes, nascetur ridiculus mus. Etiam vel augue. Vestibulum rutrum rutrum neque.', 97, 11, '2020-04-26 15:18:27', '2020-05-10 13:19:43');
insert into comments (id, content_body, post_id, user_id, created_date, modified_date) values (199, 'Pellentesque ultrices mattis odio. Donec vitae nisi. Nam ultrices, libero non mattis pulvinar, nulla pede ullamcorper augue, a suscipit nulla elit ac nulla. Sed vel enim sit amet nunc viverra dapibus. Nulla suscipit ligula in lacus. Curabitur at ipsum ac tellus semper interdum.', 95, 34, '2020-04-30 18:08:04', '2020-05-10 01:11:54');
insert into comments (id, content_body, post_id, user_id, created_date, modified_date) values (200, 'Praesent lectus. Vestibulum quam sapien, varius ut, blandit non, interdum in, ante. Vestibulum ante ipsum primis in faucibus orci luctus et ultrices posuere cubilia Curae; Duis faucibus accumsan odio.', 20, 15, '2020-04-24 00:26:09', '2020-05-10 05:01:31');
/* TAGS INSERTS */
insert into tags (id, tag_name) values (1, 'didactic');
insert into tags (id, tag_name) values (2, 'value-added');
insert into tags (id, tag_name) values (3, 'methodical');
insert into tags (id, tag_name) values (4, 'Advanced');
insert into tags (id, tag_name) values (5, 'challenge');
insert into tags (id, tag_name) values (6, 'alliance');
insert into tags (id, tag_name) values (7, 'discrete');
insert into tags (id, tag_name) values (8, 'orchestration');
insert into tags (id, tag_name) values (9, 'Reactive');
insert into tags (id, tag_name) values (10, 'actuating');
insert into tags (id, tag_name) values (11, 'Devolved');
insert into tags (id, tag_name) values (12, 'Open-architected');
insert into tags (id, tag_name) values (13, 'Adaptive');
insert into tags (id, tag_name) values (14, 'radical');
insert into tags (id, tag_name) values (15, 'Balanced');
insert into tags (id, tag_name) values (16, 'model');
insert into tags (id, tag_name) values (17, 'artificial intelligence');
insert into tags (id, tag_name) values (18, 'initiative');
insert into tags (id, tag_name) values (19, 'Enterprise-wide');
insert into tags (id, tag_name) values (20, 'structure');
insert into tags (id, tag_name) values (21, 'Automated');
insert into tags (id, tag_name) values (22, 'Profit-focused');
insert into tags (id, tag_name) values (23, 'neutral');
insert into tags (id, tag_name) values (24, 'moderator');
insert into tags (id, tag_name) values (25, 'model');
insert into tags (id, tag_name) values (26, 'human-resource');
insert into tags (id, tag_name) values (27, 'client-driven');
insert into tags (id, tag_name) values (28, 'Business-focused');
insert into tags (id, tag_name) values (29, 'portal');
insert into tags (id, tag_name) values (30, 'Future-proofed');
insert into tags (id, tag_name) values (31, 'success');
insert into tags (id, tag_name) values (32, 'Reverse-engineered');
insert into tags (id, tag_name) values (33, 'archive');
insert into tags (id, tag_name) values (34, 'process improvement');
insert into tags (id, tag_name) values (35, 'Mandatory');
insert into tags (id, tag_name) values (36, 'Open-source');
insert into tags (id, tag_name) values (37, 'solution-oriented');
insert into tags (id, tag_name) values (38, 'task-force');
insert into tags (id, tag_name) values (39, 'holistic');
insert into tags (id, tag_name) values (40, 'system engine');
insert into tags (id, tag_name) values (41, 'encryption');
insert into tags (id, tag_name) values (42, 'multi-tasking');
insert into tags (id, tag_name) values (43, 'reciprocal');
insert into tags (id, tag_name) values (44, 'Team-oriented');
insert into tags (id, tag_name) values (45, 'analyzing');
insert into tags (id, tag_name) values (46, 'grid-enabled');
insert into tags (id, tag_name) values (47, 'Multi-tiered');
insert into tags (id, tag_name) values (48, 'content-based');
insert into tags (id, tag_name) values (49, 'Digitized');
insert into tags (id, tag_name) values (50, 'bifurcated');
insert into tags (id, tag_name) values (51, 'Centralized');
insert into tags (id, tag_name) values (52, 'Extended');
insert into tags (id, tag_name) values (53, 'Focused');
insert into tags (id, tag_name) values (54, 'projection');
insert into tags (id, tag_name) values (55, 'archive');
insert into tags (id, tag_name) values (56, 'Up-sized');
insert into tags (id, tag_name) values (57, 'synergy');
insert into tags (id, tag_name) values (58, 'workforce');
insert into tags (id, tag_name) values (59, 'radical');
insert into tags (id, tag_name) values (60, 'tangible');
insert into tags (id, tag_name) values (61, '4th generation');
insert into tags (id, tag_name) values (62, 'attitude-oriented');
insert into tags (id, tag_name) values (63, 'infrastructure');
insert into tags (id, tag_name) values (64, 'migration');
insert into tags (id, tag_name) values (65, 'Adaptive');
insert into tags (id, tag_name) values (66, 'Ergonomic');
insert into tags (id, tag_name) values (67, 'directional');
insert into tags (id, tag_name) values (68, 'Extended');
insert into tags (id, tag_name) values (69, 'well-modulated');
insert into tags (id, tag_name) values (70, 'Secured');
insert into tags (id, tag_name) values (71, 'functionalities');
insert into tags (id, tag_name) values (72, 'Focused');
insert into tags (id, tag_name) values (73, 'infrastructure');
insert into tags (id, tag_name) values (74, 'intermediate');
insert into tags (id, tag_name) values (75, 'Extended');
insert into tags (id, tag_name) values (76, 'access');
insert into tags (id, tag_name) values (77, 'User-centric');
insert into tags (id, tag_name) values (78, 'process improvement');
/* POST_TAGS INSERTS */
insert into post_tags (tag_id, post_id) values (16, 8);
insert into post_tags (tag_id, post_id) values (8, 4);
insert into post_tags (tag_id, post_id) values (31, 33);
insert into post_tags (tag_id, post_id) values (52, 34);
insert into post_tags (tag_id, post_id) values (23, 6);
insert into post_tags (tag_id, post_id) values (25, 16);
insert into post_tags (tag_id, post_id) values (52, 10);
insert into post_tags (tag_id, post_id) values (78, 2);
insert into post_tags (tag_id, post_id) values (29, 7);
insert into post_tags (tag_id, post_id) values (41, 22);
insert into post_tags (tag_id, post_id) values (65, 11);
insert into post_tags (tag_id, post_id) values (12, 3);
insert into post_tags (tag_id, post_id) values (30, 36);
insert into post_tags (tag_id, post_id) values (2, 35);
insert into post_tags (tag_id, post_id) values (43, 10);
insert into post_tags (tag_id, post_id) values (75, 5);
insert into post_tags (tag_id, post_id) values (5, 23);
insert into post_tags (tag_id, post_id) values (50, 1);
insert into post_tags (tag_id, post_id) values (68, 35);
insert into post_tags (tag_id, post_id) values (15, 18);
insert into post_tags (tag_id, post_id) values (37, 12);
insert into post_tags (tag_id, post_id) values (59, 1);
insert into post_tags (tag_id, post_id) values (73, 5);
insert into post_tags (tag_id, post_id) values (55, 16);
insert into post_tags (tag_id, post_id) values (18, 28);
insert into post_tags (tag_id, post_id) values (67, 9);
insert into post_tags (tag_id, post_id) values (13, 7);
insert into post_tags (tag_id, post_id) values (54, 23);
insert into post_tags (tag_id, post_id) values (28, 27);
insert into post_tags (tag_id, post_id) values (5, 24);
insert into post_tags (tag_id, post_id) values (20, 33);
insert into post_tags (tag_id, post_id) values (70, 13);
insert into post_tags (tag_id, post_id) values (17, 4);
insert into post_tags (tag_id, post_id) values (59, 21);
insert into post_tags (tag_id, post_id) values (66, 35);
insert into post_tags (tag_id, post_id) values (75, 39);
insert into post_tags (tag_id, post_id) values (36, 12);
insert into post_tags (tag_id, post_id) values (55, 22);
insert into post_tags (tag_id, post_id) values (25, 12);
insert into post_tags (tag_id, post_id) values (40, 33);
insert into post_tags (tag_id, post_id) values (57, 11);
insert into post_tags (tag_id, post_id) values (37, 32);
insert into post_tags (tag_id, post_id) values (3, 12);
insert into post_tags (tag_id, post_id) values (63, 7);
insert into post_tags (tag_id, post_id) values (21, 5);
insert into post_tags (tag_id, post_id) values (34, 14);
insert into post_tags (tag_id, post_id) values (5, 28);
insert into post_tags (tag_id, post_id) values (55, 19);
insert into post_tags (tag_id, post_id) values (42, 11);
insert into post_tags (tag_id, post_id) values (54, 27);
insert into post_tags (tag_id, post_id) values (74, 5);
insert into post_tags (tag_id, post_id) values (8, 9);
insert into post_tags (tag_id, post_id) values (60, 31);
insert into post_tags (tag_id, post_id) values (37, 15);
insert into post_tags (tag_id, post_id) values (54, 38);
insert into post_tags (tag_id, post_id) values (78, 32);
insert into post_tags (tag_id, post_id) values (51, 33);
insert into post_tags (tag_id, post_id) values (28, 1);
insert into post_tags (tag_id, post_id) values (29, 1);
insert into post_tags (tag_id, post_id) values (72, 1);
insert into post_tags (tag_id, post_id) values (17, 25);
insert into post_tags (tag_id, post_id) values (60, 26);
insert into post_tags (tag_id, post_id) values (23, 2);
insert into post_tags (tag_id, post_id) values (32, 36);
insert into post_tags (tag_id, post_id) values (24, 19);
insert into post_tags (tag_id, post_id) values (78, 20);
insert into post_tags (tag_id, post_id) values (31, 14);
insert into post_tags (tag_id, post_id) values (52, 29);
insert into post_tags (tag_id, post_id) values (33, 21);
insert into post_tags (tag_id, post_id) values (54, 36);
insert into post_tags (tag_id, post_id) values (74, 3);
insert into post_tags (tag_id, post_id) values (50, 29);
insert into post_tags (tag_id, post_id) values (19, 38);
insert into post_tags (tag_id, post_id) values (9, 19);
insert into post_tags (tag_id, post_id) values (50, 4);
insert into post_tags (tag_id, post_id) values (28, 26);
insert into post_tags (tag_id, post_id) values (77, 10);
insert into post_tags (tag_id, post_id) values (39, 36);
insert into post_tags (tag_id, post_id) values (76, 4);
insert into post_tags (tag_id, post_id) values (10, 19);
insert into post_tags (tag_id, post_id) values (23, 25);
insert into post_tags (tag_id, post_id) values (13, 16);
insert into post_tags (tag_id, post_id) values (35, 19);
insert into post_tags (tag_id, post_id) values (38, 4);
insert into post_tags (tag_id, post_id) values (34, 33);
insert into post_tags (tag_id, post_id) values (66, 23);
insert into post_tags (tag_id, post_id) values (1, 20);
insert into post_tags (tag_id, post_id) values (67, 32);
insert into post_tags (tag_id, post_id) values (5, 38);
insert into post_tags (tag_id, post_id) values (52, 16);
insert into post_tags (tag_id, post_id) values (53, 23);
insert into post_tags (tag_id, post_id) values (50, 31);
insert into post_tags (tag_id, post_id) values (72, 37);
insert into post_tags (tag_id, post_id) values (3, 21);
insert into post_tags (tag_id, post_id) values (39, 3);
insert into post_tags (tag_id, post_id) values (15, 2);
insert into post_tags (tag_id, post_id) values (23, 27);
insert into post_tags (tag_id, post_id) values (59, 14);
insert into post_tags (tag_id, post_id) values (43, 1);
insert into post_tags (tag_id, post_id) values (8, 2);
insert into post_tags (tag_id, post_id) values (51, 36);
insert into post_tags (tag_id, post_id) values (24, 8);
insert into post_tags (tag_id, post_id) values (15, 32);
insert into post_tags (tag_id, post_id) values (58, 36);
insert into post_tags (tag_id, post_id) values (21, 15);
insert into post_tags (tag_id, post_id) values (12, 9);
insert into post_tags (tag_id, post_id) values (1, 39);
insert into post_tags (tag_id, post_id) values (49, 2);
insert into post_tags (tag_id, post_id) values (9, 16);
insert into post_tags (tag_id, post_id) values (54, 18);
insert into post_tags (tag_id, post_id) values (63, 11);
insert into post_tags (tag_id, post_id) values (60, 12);
insert into post_tags (tag_id, post_id) values (7, 28);
insert into post_tags (tag_id, post_id) values (44, 15);
insert into post_tags (tag_id, post_id) values (14, 33);
insert into post_tags (tag_id, post_id) values (25, 11);
insert into post_tags (tag_id, post_id) values (52, 1);
insert into post_tags (tag_id, post_id) values (76, 3);
insert into post_tags (tag_id, post_id) values (27, 23);
insert into post_tags (tag_id, post_id) values (52, 39);
insert into post_tags (tag_id, post_id) values (13, 16);
insert into post_tags (tag_id, post_id) values (60, 30);
insert into post_tags (tag_id, post_id) values (37, 39);
insert into post_tags (tag_id, post_id) values (34, 16);
insert into post_tags (tag_id, post_id) values (16, 12);
insert into post_tags (tag_id, post_id) values (10, 31);
insert into post_tags (tag_id, post_id) values (29, 12);
insert into post_tags (tag_id, post_id) values (58, 35);
insert into post_tags (tag_id, post_id) values (56, 30);
insert into post_tags (tag_id, post_id) values (69, 37);
insert into post_tags (tag_id, post_id) values (46, 11);
insert into post_tags (tag_id, post_id) values (2, 1);
insert into post_tags (tag_id, post_id) values (54, 19);
insert into post_tags (tag_id, post_id) values (75, 8);
insert into post_tags (tag_id, post_id) values (11, 2);
insert into post_tags (tag_id, post_id) values (49, 34);
insert into post_tags (tag_id, post_id) values (49, 23);
insert into post_tags (tag_id, post_id) values (28, 13);
insert into post_tags (tag_id, post_id) values (35, 30);
insert into post_tags (tag_id, post_id) values (4, 9);
insert into post_tags (tag_id, post_id) values (50, 25);
insert into post_tags (tag_id, post_id) values (42, 7);
insert into post_tags (tag_id, post_id) values (34, 14);
insert into post_tags (tag_id, post_id) values (14, 1);
insert into post_tags (tag_id, post_id) values (12, 10);
insert into post_tags (tag_id, post_id) values (17, 15);
insert into post_tags (tag_id, post_id) values (50, 16);
insert into post_tags (tag_id, post_id) values (35, 7);
insert into post_tags (tag_id, post_id) values (67, 26);
insert into post_tags (tag_id, post_id) values (28, 7);
insert into post_tags (tag_id, post_id) values (62, 18);
insert into post_tags (tag_id, post_id) values (15, 38);
insert into post_tags (tag_id, post_id) values (35, 28);
insert into post_tags (tag_id, post_id) values (17, 13);
insert into post_tags (tag_id, post_id) values (26, 18);
insert into post_tags (tag_id, post_id) values (19, 37);
insert into post_tags (tag_id, post_id) values (11, 35);
insert into post_tags (tag_id, post_id) values (43, 3);
insert into post_tags (tag_id, post_id) values (54, 29);
insert into post_tags (tag_id, post_id) values (32, 21);
insert into post_tags (tag_id, post_id) values (16, 30);
insert into post_tags (tag_id, post_id) values (26, 23);
insert into post_tags (tag_id, post_id) values (2, 33);
insert into post_tags (tag_id, post_id) values (60, 16);
insert into post_tags (tag_id, post_id) values (70, 13);
insert into post_tags (tag_id, post_id) values (32, 5);
insert into post_tags (tag_id, post_id) values (69, 32);
insert into post_tags (tag_id, post_id) values (47, 7);
insert into post_tags (tag_id, post_id) values (32, 33);
insert into post_tags (tag_id, post_id) values (35, 28);
insert into post_tags (tag_id, post_id) values (5, 33);
insert into post_tags (tag_id, post_id) values (12, 2);
insert into post_tags (tag_id, post_id) values (59, 18);
insert into post_tags (tag_id, post_id) values (56, 7);
insert into post_tags (tag_id, post_id) values (63, 30);
insert into post_tags (tag_id, post_id) values (55, 36);
insert into post_tags (tag_id, post_id) values (4, 31);
insert into post_tags (tag_id, post_id) values (24, 31);
insert into post_tags (tag_id, post_id) values (58, 30);
insert into post_tags (tag_id, post_id) values (19, 28);
insert into post_tags (tag_id, post_id) values (52, 23);
insert into post_tags (tag_id, post_id) values (51, 28);
insert into post_tags (tag_id, post_id) values (13, 36);
insert into post_tags (tag_id, post_id) values (58, 3);
insert into post_tags (tag_id, post_id) values (60, 4);
insert into post_tags (tag_id, post_id) values (46, 21);
insert into post_tags (tag_id, post_id) values (14, 31);
insert into post_tags (tag_id, post_id) values (11, 12);
insert into post_tags (tag_id, post_id) values (2, 12);
insert into post_tags (tag_id, post_id) values (32, 35);
insert into post_tags (tag_id, post_id) values (32, 3);
insert into post_tags (tag_id, post_id) values (44, 9);
insert into post_tags (tag_id, post_id) values (70, 39);
insert into post_tags (tag_id, post_id) values (78, 39);
insert into post_tags (tag_id, post_id) values (24, 9);
insert into post_tags (tag_id, post_id) values (10, 15);
insert into post_tags (tag_id, post_id) values (44, 5);
insert into post_tags (tag_id, post_id) values (5, 12);
insert into post_tags (tag_id, post_id) values (14, 36);
insert into post_tags (tag_id, post_id) values (74, 25);
insert into post_tags (tag_id, post_id) values (11, 32);
insert into post_tags (tag_id, post_id) values (74, 26);
insert into post_tags (tag_id, post_id) values (1, 11);
insert into post_tags (tag_id, post_id) values (78, 21);
insert into post_tags (tag_id, post_id) values (68, 26);
insert into post_tags (tag_id, post_id) values (13, 26);
insert into post_tags (tag_id, post_id) values (24, 21);
insert into post_tags (tag_id, post_id) values (20, 21);
insert into post_tags (tag_id, post_id) values (43, 18);
insert into post_tags (tag_id, post_id) values (11, 10);
insert into post_tags (tag_id, post_id) values (62, 11);
insert into post_tags (tag_id, post_id) values (49, 15);
insert into post_tags (tag_id, post_id) values (56, 37);
insert into post_tags (tag_id, post_id) values (63, 17);
insert into post_tags (tag_id, post_id) values (26, 3);
insert into post_tags (tag_id, post_id) values (46, 29);
insert into post_tags (tag_id, post_id) values (20, 2);
insert into post_tags (tag_id, post_id) values (30, 8);
insert into post_tags (tag_id, post_id) values (26, 15);
insert into post_tags (tag_id, post_id) values (35, 19);
insert into post_tags (tag_id, post_id) values (55, 17);
insert into post_tags (tag_id, post_id) values (34, 8);
insert into post_tags (tag_id, post_id) values (74, 20);
insert into post_tags (tag_id, post_id) values (57, 3);
insert into post_tags (tag_id, post_id) values (50, 34);
insert into post_tags (tag_id, post_id) values (53, 17);
insert into post_tags (tag_id, post_id) values (34, 11);
insert into post_tags (tag_id, post_id) values (63, 35);
insert into post_tags (tag_id, post_id) values (41, 39);
insert into post_tags (tag_id, post_id) values (59, 12);
insert into post_tags (tag_id, post_id) values (61, 35);
insert into post_tags (tag_id, post_id) values (6, 29);
insert into post_tags (tag_id, post_id) values (33, 36);
insert into post_tags (tag_id, post_id) values (38, 15);
insert into post_tags (tag_id, post_id) values (26, 33);
insert into post_tags (tag_id, post_id) values (25, 21);
insert into post_tags (tag_id, post_id) values (38, 14);
insert into post_tags (tag_id, post_id) values (51, 20);
insert into post_tags (tag_id, post_id) values (76, 5);
insert into post_tags (tag_id, post_id) values (32, 17);
insert into post_tags (tag_id, post_id) values (8, 16);
insert into post_tags (tag_id, post_id) values (43, 2);
insert into post_tags (tag_id, post_id) values (29, 35);
insert into post_tags (tag_id, post_id) values (54, 28);
insert into post_tags (tag_id, post_id) values (9, 5);
insert into post_tags (tag_id, post_id) values (5, 33);
insert into post_tags (tag_id, post_id) values (44, 35);
insert into post_tags (tag_id, post_id) values (38, 35);
insert into post_tags (tag_id, post_id) values (74, 35);
insert into post_tags (tag_id, post_id) values (40, 1);
insert into post_tags (tag_id, post_id) values (60, 30);
insert into post_tags (tag_id, post_id) values (78, 19);
insert into post_tags (tag_id, post_id) values (69, 16);
insert into post_tags (tag_id, post_id) values (35, 9);
insert into post_tags (tag_id, post_id) values (78, 29);
insert into post_tags (tag_id, post_id) values (20, 3);
insert into post_tags (tag_id, post_id) values (74, 21);
insert into post_tags (tag_id, post_id) values (51, 37);
insert into post_tags (tag_id, post_id) values (43, 7);
insert into post_tags (tag_id, post_id) values (34, 23);
insert into post_tags (tag_id, post_id) values (58, 36);
insert into post_tags (tag_id, post_id) values (4, 12);
insert into post_tags (tag_id, post_id) values (47, 21);
insert into post_tags (tag_id, post_id) values (12, 20);
insert into post_tags (tag_id, post_id) values (5, 2);
insert into post_tags (tag_id, post_id) values (28, 39);
insert into post_tags (tag_id, post_id) values (69, 2);
insert into post_tags (tag_id, post_id) values (14, 15);
insert into post_tags (tag_id, post_id) values (22, 30);
insert into post_tags (tag_id, post_id) values (13, 3);
insert into post_tags (tag_id, post_id) values (9, 13);
insert into post_tags (tag_id, post_id) values (74, 19);
insert into post_tags (tag_id, post_id) values (53, 22);
insert into post_tags (tag_id, post_id) values (27, 14);
insert into post_tags (tag_id, post_id) values (70, 26);
insert into post_tags (tag_id, post_id) values (45, 10);
insert into post_tags (tag_id, post_id) values (25, 28);
insert into post_tags (tag_id, post_id) values (5, 33);
insert into post_tags (tag_id, post_id) values (70, 18);
insert into post_tags (tag_id, post_id) values (18, 28);
insert into post_tags (tag_id, post_id) values (16, 27);
insert into post_tags (tag_id, post_id) values (43, 36);
insert into post_tags (tag_id, post_id) values (31, 3);
insert into post_tags (tag_id, post_id) values (41, 5);
insert into post_tags (tag_id, post_id) values (65, 15);
insert into post_tags (tag_id, post_id) values (36, 27);
insert into post_tags (tag_id, post_id) values (28, 37);
insert into post_tags (tag_id, post_id) values (68, 35);
insert into post_tags (tag_id, post_id) values (28, 27);
insert into post_tags (tag_id, post_id) values (57, 1);
insert into post_tags (tag_id, post_id) values (57, 7);
insert into post_tags (tag_id, post_id) values (75, 12);
insert into post_tags (tag_id, post_id) values (1, 16);
insert into post_tags (tag_id, post_id) values (44, 16);
insert into post_tags (tag_id, post_id) values (38, 11);
insert into post_tags (tag_id, post_id) values (17, 30);
insert into post_tags (tag_id, post_id) values (5, 19);
insert into post_tags (tag_id, post_id) values (5, 10);
SET foreign_key_checks = 1;